ID,NightLord,Special,Name,Start_190,Treasure_800,Event_30*0,EventFlag,EvPat_30**,EvPatFlag,RotRew_500,Day1Loc,Day2Loc,Day1Boss,Day2Boss,extra1,extra2,ExtraLots
0,0,0,[Gladius] Standard,705,8005,3030,7724,3600,1150,0,1001,1011,4958,4973,-1,-1,0:10 0:180 300:1102 310:1105 360:1304 99999:7535
1,0,0,[Gladius] Standard,703,8001,0,0,0,0,0,1001,1011,4960,4966,-1,-1,0:10 300:1102 310:1105 360:1304 3700:1100 99999:7535
2,0,0,[Gladius] Standard,701,8002,0,0,0,0,0,1002,1003,4961,4966,-1,-1,0:10 300:1102 310:1105 360:1304 99999:7535
3,0,0,[Gladius] Standard,708,8005,0,0,0,0,0,1000,1010,4810,4962,-1,-1,0:10 300:1102 310:1105 360:1304 99999:7535
4,0,0,[Gladius] Standard,704,8000,3030,7724,3600,1150,0,1008,1003,4952,4954,-1,-1,0:10 0:180 300:1102 310:1105 360:1304 99999:7535
5,0,0,[Gladius] Standard,705,8005,3030,7704,3600,1150,0,1011,1006,4953,4880,-1,-1,0:10 0:180 300:1102 310:1105 360:1304 99999:7535
6,0,0,[Gladius] Standard,703,8010,0,0,0,0,0,1007,1002,4972,4964,-1,-1,0:10 300:1102 310:1105 350:1104 360:1303 99999:7535
7,0,0,[Gladius] Standard,707,8009,0,0,0,0,0,1010,1004,4930,4820,-1,-1,0:10 300:1102 310:1105 360:1304 99999:7535
8,0,0,[Gladius] Standard,700,8008,3030,7724,3600,1150,0,1009,1006,4958,4973,-1,-1,0:10 0:180 300:1101 310:1106 320:9000 360:1304 99999:7535
9,0,0,[Gladius] Standard,705,8009,0,0,0,0,0,1011,1001,4976,4957,-1,-1,0:10 300:1101 310:1106 320:9000 360:1304 99999:7535
10,0,0,[Gladius] Standard,700,8003,3030,7724,3600,1150,0,1002,1007,4910,5210,-1,-1,0:10 0:180 300:1102 310:1106 360:1304 99999:7535
11,0,0,[Gladius] Standard,707,8009,3010,7721,0,0,0,1011,1001,4968,4920,-1,-1,0:10 0:200 300:1102 310:1105 360:1304 99999:7535
12,0,0,[Gladius] Standard,701,8002,0,0,0,0,0,1004,1010,5201,5212,-1,-1,0:10 300:1102 310:1105 360:1304 99999:7535
13,0,0,[Gladius] Standard,700,8007,0,0,0,0,0,1002,1005,4950,4979,-1,-1,0:10 300:1102 310:1105 350:1104 360:1303 99999:7535
14,0,0,[Gladius] Standard,700,8010,0,0,0,0,0,1008,1000,4978,4963,-1,-1,0:10 300:1102 310:1105 360:1304 3700:1100 99999:7535
15,0,0,[Gladius] Standard,706,8003,0,0,0,0,0,1010,1003,4952,4918,-1,-1,0:10 300:1102 310:1105 360:1304 99999:7535
16,0,0,[Gladius] Standard,706,8005,3010,7701,0,0,0,1007,1009,4790,4830,-1,-1,0:10 0:200 300:1101 310:1105 320:9000 360:1304 99999:7535
17,0,0,[Gladius] Standard,708,8002,0,0,0,0,0,1001,1000,4800,4956,-1,-1,0:10 300:1101 310:1105 320:9000 350:1104 360:1303 99999:7535
18,0,0,[Gladius] Standard,703,8010,3010,7701,0,0,0,1010,1004,4951,4967,-1,-1,0:10 0:200 300:1102 310:1105 350:1104 360:1303 99999:7535
19,0,0,[Gladius] Standard,702,8009,0,0,0,0,0,1003,1008,4951,4926,-1,-1,0:10 300:1101 310:1105 320:9000 360:1304 99999:7535
20,0,1,[Gladius] Mountaintop,708,8008,3030,7724,3600,1151,0,1007,1023,4953,4957,-1,-1,0:11 0:180 300:1101 310:1106 320:9001 360:1301 3700:1100 99999:7535
21,0,1,[Gladius] Mountaintop,704,8008,3010,7701,0,0,0,1011,1023,4924,5211,-1,-1,0:11 0:200 300:1101 310:1105 320:9001 360:1301 99999:7535
22,0,1,[Gladius] Mountaintop,701,8010,0,0,0,0,0,1011,1023,4990,4959,-1,-1,0:11 300:1102 310:1105 360:1301 99999:7535
23,0,1,[Gladius] Mountaintop,708,8008,0,0,0,0,0,1011,1023,5202,4969,-1,-1,0:11 300:1102 310:1105 350:1104 360:1300 3700:1100 99999:7535
24,0,1,[Gladius] Mountaintop,708,8011,0,0,0,0,0,1009,1023,5202,4921,-1,-1,0:11 300:1102 310:1105 360:1300 99999:7535
25,0,2,[Gladius] The Crater,704,8010,0,0,0,0,0,1001,1024,4968,4955,-1,-1,0:12 300:1101 310:1105 320:9001 360:1301 99999:7535
26,0,2,[Gladius] The Crater,700,8004,0,0,0,0,0,1005,1024,4961,4850,-1,-1,0:12 300:1102 310:1105 360:1301 3700:1100 99999:7535
27,0,2,[Gladius] The Crater,705,8004,0,0,0,0,0,1011,1024,4890,4979,-1,-1,0:12 300:1101 310:1105 320:9001 350:1104 360:1300 99999:7535
28,0,2,[Gladius] The Crater,702,8008,3030,7724,3600,1152,0,1004,1024,4929,4975,-1,-1,0:12 0:180 300:1102 310:1105 360:1301 99999:7535
29,0,2,[Gladius] The Crater,702,8010,3010,7701,0,0,0,1010,1024,4990,5213,-1,-1,0:12 0:200 300:1101 310:1105 320:9001 360:1300 3700:1100 99999:7535
30,0,3,[Gladius] Rotted Woods,708,8005,0,0,0,0,1046300590,1011,1021,4950,4974,-1,-1,0:13 300:1101 310:1105 320:9001 350:1104 360:1302 99999:7535
31,0,3,[Gladius] Rotted Woods,702,8007,0,0,0,0,1057300590,1002,1021,4971,4923,-1,-1,0:13 300:1101 310:1106 320:9001 360:1303 99999:7535
32,0,3,[Gladius] Rotted Woods,708,8009,3010,7721,0,0,1047300590,1002,1021,4927,4964,-1,-1,0:13 0:200 300:1102 310:1105 360:1302 99999:7535
33,0,3,[Gladius] Rotted Woods,708,8001,3030,7724,3600,1153,1046300590,1011,1021,5203,4963,-1,-1,0:13 0:180 300:1102 310:1105 360:1303 99999:7535
34,0,3,[Gladius] Rotted Woods,701,8002,0,0,0,0,1047300590,1001,1021,4928,4962,-1,-1,0:13 300:1101 310:1105 320:9001 360:1303 3700:1100 99999:7535
35,0,5,[Gladius] Shrouded City,703,8002,3030,7704,3600,1154,0,1001,1025,4976,4974,-1,-1,0:15 0:180 300:1101 310:1105 320:9001 360:1303 99999:7535
36,0,5,[Gladius] Shrouded City,706,8002,0,0,0,0,0,1011,1025,4971,4840,-1,-1,0:15 300:1101 310:1105 320:9001 360:1303 3700:1100 99999:7535
37,0,5,[Gladius] Shrouded City,705,8005,3010,7721,0,0,0,1011,1025,4972,4956,-1,-1,0:15 0:200 300:1101 310:1105 320:9001 350:1104 360:1302 99999:7535
38,0,5,[Gladius] Shrouded City,707,8001,0,0,0,0,0,1011,1025,5201,4954,-1,-1,0:15 300:1102 310:1105 360:1303 99999:7535
39,0,5,[Gladius] Shrouded City,705,8005,0,0,0,0,0,1001,1025,4960,4969,-1,-1,0:15 300:1101 310:1105 320:9001 360:1303 99999:7535
40,1,0,[Adel] Standard,704,8006,0,0,0,0,0,1001,1009,4961,4969,-1,-1,0:10 300:1102 310:1105 360:1304
41,1,0,[Adel] Standard,702,8005,0,0,0,0,0,1007,1000,4958,4964,-1,-1,0:10 300:1101 310:1105 320:9000 360:1304
42,1,0,[Adel] Standard,701,8000,0,0,0,0,0,1011,1004,4960,4850,-1,-1,0:10 300:1102 310:1105 350:1104 360:1303
43,1,0,[Adel] Standard,708,8007,3040,7705,3100,220,0,1010,1001,4978,4963,-1,-1,0:10 0:604 300:1101 310:1105 320:9000 360:1304
44,1,0,[Adel] Standard,708,8004,0,0,0,0,0,1001,1004,5202,4918,-1,-1,0:10 300:1102 310:1105 360:1304
45,1,0,[Adel] Standard,704,8005,3040,7725,3100,220,0,1005,1008,4976,4955,-1,-1,0:10 0:604 300:1101 310:1105 320:9000 360:1304
46,1,0,[Adel] Standard,704,8003,3000,7720,0,0,0,1010,1006,4990,4963,-1,4962,0:10 0:120 300:1102 310:1105 360:1304 3700:1100
47,1,0,[Adel] Standard,702,8008,3000,7720,0,0,0,1010,1000,4951,4956,-1,4969,0:10 0:120 300:1102 310:1105 360:1304 3700:1100
48,1,0,[Adel] Standard,703,8000,0,0,0,0,0,1006,1011,5203,4860,-1,-1,0:10 300:1102 310:1105 360:1304
49,1,0,[Adel] Standard,700,8005,0,0,0,0,0,1003,1001,4810,4962,-1,-1,0:10 300:1101 310:1106 320:9000 360:1304
50,1,0,[Adel] Standard,707,8003,0,0,0,0,0,1004,1008,4929,4957,-1,-1,0:10 300:1101 310:1105 320:9000 360:1304
51,1,0,[Adel] Standard,705,8002,0,0,0,0,0,1001,1004,4968,5212,-1,-1,0:10 300:1101 310:1105 320:9000 360:1304
52,1,0,[Adel] Standard,707,8008,3010,7721,0,0,0,1003,1002,4780,4923,-1,-1,0:10 0:200 300:1102 310:1105 360:1304
53,1,0,[Adel] Standard,701,8002,3040,7705,3100,220,0,1004,1008,4990,4959,-1,-1,0:10 0:604 300:1102 310:1106 350:1104 360:1303
54,1,0,[Adel] Standard,706,8008,0,0,0,0,0,1000,1010,5202,4920,-1,-1,0:10 300:1101 310:1106 320:9000 360:1304
55,1,0,[Adel] Standard,706,8011,0,0,0,0,0,1001,1003,5203,4964,-1,-1,0:10 300:1102 310:1105 350:1104 360:1303 3700:1100
56,1,0,[Adel] Standard,707,8007,0,0,0,0,0,1011,1003,4958,4962,-1,-1,0:10 300:1102 310:1105 360:1304 3700:1100
57,1,0,[Adel] Standard,703,8002,3040,7725,3100,220,0,1006,1003,4950,4959,-1,-1,0:10 0:604 300:1101 310:1106 320:9000 350:1104 360:1303
58,1,0,[Adel] Standard,700,8003,3040,7705,3100,220,0,1002,1005,4910,4955,-1,-1,0:10 0:604 300:1102 310:1105 350:1104 360:1303
59,1,0,[Adel] Standard,708,8003,0,0,0,0,0,1004,1011,4952,4954,-1,-1,0:10 300:1101 310:1105 320:9000 360:1304
60,1,1,[Adel] Mountaintop,708,8004,0,0,0,0,0,1009,1023,4976,4973,-1,-1,0:11 300:1101 310:1105 320:9001 360:1301
61,1,1,[Adel] Mountaintop,700,8007,3010,7701,0,0,0,1011,1023,4971,4979,-1,-1,0:11 0:200 300:1102 310:1105 360:1301
62,1,1,[Adel] Mountaintop,708,8007,0,0,0,0,0,1009,1023,5201,4973,-1,-1,0:11 300:1101 310:1105 320:9001 360:1301 3700:1100
63,1,1,[Adel] Mountaintop,705,8007,3040,7705,3100,220,0,1007,1023,4960,5213,-1,-1,0:11 0:604 300:1102 310:1105 360:1301
64,1,1,[Adel] Mountaintop,707,8010,0,0,0,0,0,1010,1023,4953,4957,-1,-1,0:11 300:1101 310:1106 320:9001 360:1301
65,1,2,[Adel] The Crater,705,8001,0,0,0,0,0,1003,1024,4971,4840,-1,-1,0:12 300:1101 310:1105 320:9001 350:1104 360:1300 3700:1100
66,1,2,[Adel] The Crater,704,8011,0,0,0,0,0,1004,1024,4950,4880,-1,-1,0:12 300:1101 310:1105 320:9001 350:1104 360:1300
67,1,2,[Adel] The Crater,705,8009,3040,7725,3100,220,0,1009,1024,4890,4967,-1,-1,0:12 0:604 300:1102 310:1105 360:1301
68,1,2,[Adel] The Crater,708,8009,3000,7720,0,0,0,1001,1024,4952,4830,-1,4955,0:12 0:120 300:1102 310:1105 360:1301
69,1,2,[Adel] The Crater,700,8004,0,0,0,0,0,1005,1024,4930,4956,-1,-1,0:12 300:1101 310:1105 320:9001 360:1301
70,1,3,[Adel] Rotted Woods,703,8007,3000,7700,0,0,1046300590,1006,1021,4928,4974,4976,-1,0:13 0:120 300:1101 310:1105 320:9001 360:1303
71,1,3,[Adel] Rotted Woods,708,8002,3040,7705,3100,220,1057300590,1004,1022,4972,4954,-1,-1,0:13 0:604 300:1102 310:1105 360:1303
72,1,3,[Adel] Rotted Woods,701,8000,3010,7721,0,0,1047300590,1000,1021,4978,4820,-1,-1,0:13 0:200 300:1102 310:1105 360:1303
73,1,3,[Adel] Rotted Woods,708,8003,0,0,0,0,1057300590,1001,1022,4924,5210,-1,-1,0:13 300:1101 310:1105 320:9001 360:1303
74,1,3,[Adel] Rotted Woods,701,8006,0,0,0,0,1047300590,1008,1022,4800,4974,-1,-1,0:13 300:1101 310:1105 320:9001 360:1303 3700:1100
75,1,5,[Adel] Shrouded City,706,8007,0,0,0,0,0,1011,1025,4972,5211,-1,-1,0:15 300:1102 310:1106 360:1303
76,1,5,[Adel] Shrouded City,706,8001,0,0,0,0,0,1002,1025,5201,4975,-1,-1,0:15 300:1102 310:1105 360:1303
77,1,5,[Adel] Shrouded City,702,8007,0,0,0,0,0,1011,1025,4953,4967,-1,-1,0:15 300:1102 310:1105 360:1303 3700:1100
78,1,5,[Adel] Shrouded City,707,8006,3040,7705,3100,220,0,1002,1025,4927,4975,-1,-1,0:15 0:604 300:1102 310:1105 360:1303
79,1,5,[Adel] Shrouded City,704,8005,0,0,0,0,0,1002,1025,4961,4966,-1,-1,0:15 300:1101 310:1105 320:9001 360:1303 3700:1100
80,2,0,[Gnoster] Standard,705,8000,0,0,0,0,0,1003,1011,4968,4918,-1,-1,0:10 300:1101 310:1105 320:9000 360:1304
81,2,0,[Gnoster] Standard,702,8008,0,0,0,0,0,1003,1006,4930,4963,-1,-1,0:10 300:1102 310:1106 360:1304
82,2,0,[Gnoster] Standard,706,8007,3050,7725,3100,220,0,1003,1001,4952,5213,-1,-1,0:10 0:603 300:1102 310:1106 360:1304
83,2,0,[Gnoster] Standard,703,8003,3080,7727,3500,1044360220,0,1007,1000,4924,4957,-1,-1,0:10 0:140 300:1101 310:1105 320:9000 360:1304
84,2,0,[Gnoster] Standard,707,8008,0,0,0,0,0,1001,1008,5203,4964,-1,-1,0:10 300:1101 310:1105 320:9000 360:1304
85,2,0,[Gnoster] Standard,707,8003,3040,7725,3100,220,0,1009,1001,4950,4959,-1,-1,0:10 0:604 300:1102 310:1105 350:1104 360:1303 3700:1100
86,2,0,[Gnoster] Standard,705,8002,0,0,0,0,0,1007,1002,4927,4957,-1,-1,0:10 300:1102 310:1105 360:1304
87,2,0,[Gnoster] Standard,705,8009,0,0,0,0,0,1001,1007,4990,4966,-1,-1,0:10 300:1101 310:1105 320:9000 360:1304
88,2,0,[Gnoster] Standard,704,8002,3040,7705,3100,220,0,1010,1002,4978,4920,-1,-1,0:10 0:604 300:1101 310:1105 320:9000 360:1304
89,2,0,[Gnoster] Standard,704,8009,0,0,0,0,0,1011,1006,4953,4820,-1,-1,0:10 300:1101 310:1105 320:9000 360:1304
90,2,0,[Gnoster] Standard,701,8007,3090,7706,0,0,0,1004,1010,5202,4860,-1,-1,0:10 0:230 300:1101 310:1105 320:9000 360:1304
91,2,0,[Gnoster] Standard,704,8011,0,0,0,0,0,1008,1000,4930,4954,-1,-1,0:10 300:1102 310:1105 350:1104 360:1303
92,2,0,[Gnoster] Standard,708,8002,0,0,0,0,0,1008,1002,4958,4956,-1,-1,0:10 300:1102 310:1105 360:1304
93,2,0,[Gnoster] Standard,708,8006,0,0,0,0,0,1002,1006,4961,4926,-1,-1,0:10 300:1102 310:1105 360:1304
94,2,0,[Gnoster] Standard,707,8004,3050,7705,3100,220,0,1005,1011,4951,4962,-1,-1,0:10 0:603 300:1102 310:1105 360:1304 3700:1100
95,2,0,[Gnoster] Standard,708,8004,0,0,0,0,0,1008,1005,4990,4959,-1,-1,0:10 300:1102 310:1105 360:1304
96,2,0,[Gnoster] Standard,700,8007,3050,7725,3100,220,0,1001,1009,4960,4969,-1,-1,0:10 0:603 300:1101 310:1106 320:9000 360:1304
97,2,0,[Gnoster] Standard,708,8001,0,0,0,0,0,1001,1004,4780,5212,-1,-1,0:10 300:1102 310:1106 360:1304 3700:1100
98,2,0,[Gnoster] Standard,701,8003,0,0,0,0,0,1005,1011,4978,4955,-1,-1,0:10 300:1102 310:1105 350:1104 360:1304
99,2,0,[Gnoster] Standard,703,8010,3050,7705,3100,220,0,1001,1011,5202,4850,-1,-1,0:10 0:603 300:1102 310:1105 350:1104 360:1304
100,2,1,[Gnoster] Mountaintop,707,8011,0,0,0,0,0,1007,1023,4952,4964,-1,-1,0:11 300:1101 310:1105 320:9001 360:1301
101,2,1,[Gnoster] Mountaintop,707,8003,0,0,0,0,0,1011,1023,5201,4963,-1,-1,0:11 300:1102 310:1105 360:1301
102,2,1,[Gnoster] Mountaintop,708,8007,3040,7705,3100,220,0,1009,1023,4972,4975,-1,-1,0:11 0:604 300:1101 310:1105 320:9001 360:1301 3700:1100
103,2,1,[Gnoster] Mountaintop,707,8007,0,0,0,0,0,1011,1023,4953,4975,-1,-1,0:11 300:1101 310:1105 320:9001 360:1301 3700:1100
104,2,1,[Gnoster] Mountaintop,705,8000,3050,7725,3100,220,0,1000,1023,4929,4921,-1,-1,0:11 0:603 300:1101 310:1106 320:9001 360:1301
105,2,2,[Gnoster] The Crater,708,8001,0,0,0,0,0,1005,1024,4976,4962,-1,-1,0:12 300:1101 310:1105 320:9001 360:1301 3700:1100
106,2,2,[Gnoster] The Crater,707,8009,3050,7705,3100,220,0,1007,1024,4929,5211,-1,-1,0:12 0:603 300:1101 310:1105 320:9001 360:1301
107,2,2,[Gnoster] The Crater,702,8011,0,0,0,0,0,1009,1024,4971,4973,-1,-1,0:12 300:1101 310:1105 320:9001 360:1301
108,2,2,[Gnoster] The Crater,707,8009,0,0,0,0,0,1003,1024,4890,4954,-1,-1,0:12 300:1101 310:1105 320:9001 360:1301
109,2,2,[Gnoster] The Crater,701,8008,3080,7727,3500,1044360220,0,1007,1024,5201,4969,-1,-1,0:12 0:140 300:1101 310:1105 320:9001 350:1104 360:1300
110,2,3,[Gnoster] Rotted Woods,700,8008,0,0,0,0,1057300590,1001,1021,5203,4923,-1,-1,0:13 300:1102 310:1105 360:1303
111,2,3,[Gnoster] Rotted Woods,700,8009,0,0,0,0,1046300590,1011,1021,4961,5210,-1,-1,0:13 300:1102 310:1105 360:1303 3700:1100
112,2,3,[Gnoster] Rotted Woods,706,8009,3090,7706,0,0,1046300590,1004,1022,4950,4840,-1,-1,0:13 0:230 300:1101 310:1105 320:9001 350:1104 360:1302
113,2,3,[Gnoster] Rotted Woods,706,8007,3040,7705,3100,220,1047300590,1008,1021,4951,4967,-1,-1,0:13 0:604 300:1101 310:1105 320:9001 350:1104 360:1302
114,2,3,[Gnoster] Rotted Woods,702,8002,0,0,0,0,1047300590,1011,1021,4960,4966,-1,-1,0:13 300:1102 310:1105 360:1303
115,2,5,[Gnoster] Shrouded City,708,8004,3050,7725,3100,220,0,1001,1025,4968,4880,-1,-1,0:15 0:603 300:1102 310:1106 360:1303 3700:1100
116,2,5,[Gnoster] Shrouded City,708,8004,0,0,0,0,0,1011,1025,4976,4979,-1,-1,0:15 300:1101 310:1105 320:9001 360:1303
117,2,5,[Gnoster] Shrouded City,705,8011,3040,7725,3100,220,0,1001,1025,4971,4967,-1,-1,0:15 0:604 300:1102 310:1105 360:1303
118,2,5,[Gnoster] Shrouded City,702,8011,0,0,0,0,0,1001,1025,4910,4956,-1,-1,0:15 300:1102 310:1105 350:1104 360:1302
119,2,5,[Gnoster] Shrouded City,704,8005,0,0,0,0,0,1001,1025,4928,4974,-1,-1,0:15 300:1101 310:1105 320:9001 360:1303
120,3,0,[Maris] Standard,704,8002,0,0,0,0,0,1003,1001,4978,4974,-1,-1,0:10 300:1102 310:1105 360:1304
121,3,0,[Maris] Standard,706,8004,3060,7705,3100,220,0,1001,1011,4927,4973,-1,-1,0:10 0:601 300:1102 310:1106 360:1304
122,3,0,[Maris] Standard,704,8007,3060,7725,3100,220,0,1009,1006,4780,4920,-1,-1,0:10 0:601 300:1101 310:1106 320:9000 360:1304
123,3,0,[Maris] Standard,700,8010,0,0,0,0,0,1008,1002,4930,4956,-1,-1,0:10 300:1102 310:1106 360:1304
124,3,0,[Maris] Standard,707,8000,0,0,0,0,0,1000,1009,4953,4966,-1,-1,0:10 300:1101 310:1105 320:9000 360:1304
125,3,0,[Maris] Standard,700,8010,0,0,0,0,0,1007,1002,5203,4962,-1,-1,0:10 300:1101 310:1105 320:9000 360:1304 3700:1100
126,3,0,[Maris] Standard,704,8005,0,0,0,0,0,1003,1001,4976,4974,-1,-1,0:10 300:1102 310:1105 360:1304
127,3,0,[Maris] Standard,703,8007,0,0,0,0,0,1008,1004,4972,4956,-1,-1,0:10 300:1102 310:1105 360:1304
128,3,0,[Maris] Standard,701,8000,3020,7722,0,0,0,1009,1006,4890,5212,-1,-1,0:10 0:210 300:1102 310:1105 360:1304
129,3,0,[Maris] Standard,702,8009,0,0,0,0,0,1010,1004,4910,5210,-1,-1,0:10 300:1102 310:1105 360:1304
130,3,0,[Maris] Standard,705,8005,0,0,0,0,0,1004,1002,4952,4880,-1,-1,0:10 300:1102 310:1105 350:1104 360:1303
131,3,0,[Maris] Standard,708,8008,0,0,0,0,0,1010,1001,5201,4957,-1,-1,0:10 300:1102 310:1106 360:1304 3700:1100
132,3,0,[Maris] Standard,702,8009,0,0,0,0,0,1007,1010,5203,4963,-1,-1,0:10 300:1102 310:1105 350:1104 360:1303
133,3,0,[Maris] Standard,706,8003,0,0,0,0,0,1008,1005,5202,4969,-1,-1,0:10 300:1101 310:1105 320:9000 360:1304
134,3,0,[Maris] Standard,700,8010,3020,7722,0,0,0,1007,1000,4953,4979,-1,-1,0:10 0:210 300:1102 310:1105 360:1304
135,3,0,[Maris] Standard,702,8003,3030,7704,3600,1150,0,1004,1011,4958,4860,-1,-1,0:10 0:180 300:1101 310:1105 320:9000 360:1304
136,3,0,[Maris] Standard,706,8000,3060,7705,3100,220,0,1002,1005,5201,4964,-1,-1,0:10 0:601 300:1102 310:1105 350:1104 360:1304
137,3,0,[Maris] Standard,708,8002,3030,7724,3600,1150,0,1011,1004,4958,4954,-1,-1,0:10 0:180 300:1102 310:1105 360:1304
138,3,0,[Maris] Standard,700,8001,0,0,0,0,0,1011,1006,4961,4918,-1,-1,0:10 300:1102 310:1105 350:1104 360:1304
139,3,0,[Maris] Standard,707,8001,3060,7725,3100,220,0,1005,1011,4928,4963,-1,-1,0:10 0:601 300:1101 310:1105 320:9000 350:1104 360:1304 3700:1100
140,3,1,[Maris] Mountaintop,700,8008,3030,7704,3600,1151,0,1007,1023,4971,4964,-1,-1,0:11 0:180 300:1101 310:1105 320:9001 360:1301 3700:1100
141,3,1,[Maris] Mountaintop,704,8000,0,0,0,0,0,1010,1023,4960,4975,-1,-1,0:11 300:1101 310:1105 320:9001 350:1104 360:1300
142,3,1,[Maris] Mountaintop,700,8011,0,0,0,0,0,1010,1023,4951,4955,-1,-1,0:11 300:1101 310:1105 320:9001 360:1301
143,3,1,[Maris] Mountaintop,704,8004,3060,7725,3100,220,0,1010,1023,4952,4959,-1,-1,0:11 0:601 300:1101 310:1105 320:9001 360:1301
144,3,1,[Maris] Mountaintop,707,8009,0,0,0,0,0,1009,1023,4810,4975,-1,-1,0:11 300:1102 310:1105 360:1301
145,3,2,[Maris] The Crater,702,8011,0,0,0,0,0,1010,1024,4951,4973,-1,-1,0:12 300:1102 310:1105 360:1301 3700:1100
146,3,2,[Maris] The Crater,704,8001,0,0,0,0,0,1001,1024,4960,4820,-1,-1,0:12 300:1101 310:1105 320:9001 360:1301
147,3,2,[Maris] The Crater,705,8008,3020,7702,0,0,0,1003,1024,4930,4967,-1,-1,0:12 0:210 300:1101 310:1105 320:9001 360:1301
148,3,2,[Maris] The Crater,708,8011,3060,7705,3100,220,0,1011,1024,4950,4921,-1,-1,0:12 0:601 300:1102 310:1105 360:1301
149,3,2,[Maris] The Crater,705,8009,0,0,0,0,0,1001,1024,4800,4923,-1,-1,0:12 300:1102 310:1105 360:1301
150,3,3,[Maris] Rotted Woods,700,8004,3060,7725,3100,220,1046300590,1006,1021,4971,4962,-1,-1,0:13 0:601 300:1101 310:1106 320:9001 360:1303
151,3,3,[Maris] Rotted Woods,702,8002,0,0,0,0,1047300590,1001,1021,4978,4967,-1,-1,0:13 300:1101 310:1105 320:9001 360:1303
152,3,3,[Maris] Rotted Woods,700,8000,3020,7722,0,0,1057300590,1001,1021,4924,5213,-1,-1,0:13 0:210 300:1101 310:1105 320:9001 360:1303 3700:1100
153,3,3,[Maris] Rotted Woods,708,8006,0,0,0,0,1057300590,1006,1022,5202,4830,-1,-1,0:13 300:1101 310:1106 320:9001 360:1303
154,3,3,[Maris] Rotted Woods,701,8009,0,0,0,0,1046300590,1001,1021,4976,5211,-1,-1,0:13 300:1101 310:1105 320:9001 360:1303 3700:1100
155,3,5,[Maris] Shrouded City,702,8010,0,0,0,0,0,1011,1025,4968,4957,-1,-1,0:15 300:1102 310:1105 360:1303
156,3,5,[Maris] Shrouded City,703,8007,3030,7724,3600,1154,0,1001,1025,4929,4969,-1,-1,0:15 0:180 300:1102 310:1105 360:1303
157,3,5,[Maris] Shrouded City,704,8005,0,0,0,0,0,1011,1025,4990,4850,-1,-1,0:15 300:1101 310:1105 320:9001 360:1303 3700:1100
158,3,5,[Maris] Shrouded City,706,8003,3060,7705,3100,220,0,1001,1025,4990,4966,-1,-1,0:15 0:601 300:1102 310:1106 360:1303 3700:1100
159,3,5,[Maris] Shrouded City,702,8003,0,0,0,0,0,1001,1025,4972,4954,-1,-1,0:15 300:1101 310:1105 320:9001 350:1104 360:1302
160,4,0,[Libra] Standard,701,8003,3090,7706,0,0,0,1002,1008,4928,5210,-1,-1,0:10 0:230 300:1102 310:1105 360:1304
161,4,0,[Libra] Standard,701,8011,3060,7725,3100,220,0,1004,1008,4990,4956,-1,-1,0:10 0:601 300:1101 310:1105 320:9000 360:1304
162,4,0,[Libra] Standard,700,8007,0,0,0,0,0,1002,1009,5202,4969,-1,-1,0:10 300:1102 310:1105 360:1304
163,4,0,[Libra] Standard,704,8008,0,0,0,0,0,1008,1000,4953,4974,-1,-1,0:10 300:1102 310:1105 360:1304
164,4,0,[Libra] Standard,701,8002,0,0,0,0,0,1000,1009,4910,4964,-1,-1,0:10 300:1101 310:1105 320:9000 350:1104 360:1303
165,4,0,[Libra] Standard,705,8003,0,0,0,0,0,1002,1007,5203,4954,-1,-1,0:10 300:1101 310:1105 320:9000 360:1304
166,4,0,[Libra] Standard,702,8010,0,0,0,0,0,1005,1011,4971,4967,-1,-1,0:10 300:1102 310:1106 360:1304
167,4,0,[Libra] Standard,707,8011,0,0,0,0,0,1010,1006,5201,4966,-1,-1,0:10 300:1102 310:1105 360:1304
168,4,0,[Libra] Standard,700,8011,3060,7705,3100,220,0,1001,1008,4960,4920,-1,-1,0:10 0:601 300:1101 310:1105 320:9000 360:1304
169,4,0,[Libra] Standard,703,8009,0,0,0,0,0,1003,1006,4978,5211,-1,-1,0:10 300:1102 310:1105 360:1304
170,4,0,[Libra] Standard,706,8007,0,0,0,0,0,1007,1000,4810,4926,-1,-1,0:10 300:1101 310:1105 320:9000 360:1304
171,4,0,[Libra] Standard,704,8003,0,0,0,0,0,1001,1008,4952,4959,-1,-1,0:10 300:1101 310:1105 320:9000 350:1104 360:1303
172,4,0,[Libra] Standard,706,8006,0,0,0,0,0,1007,1011,4968,4964,-1,-1,0:10 300:1101 310:1105 320:9000 350:1104 360:1303
173,4,0,[Libra] Standard,705,8011,3060,7705,3100,220,0,1004,1002,4952,4967,-1,-1,0:10 0:601 300:1101 310:1106 320:9000 350:1104 360:1303
174,4,0,[Libra] Standard,707,8011,3090,7706,0,0,0,1007,1001,4971,4974,-1,-1,0:10 0:230 300:1101 310:1105 320:9000 350:1104 360:1303
175,4,0,[Libra] Standard,705,8010,3060,7725,3100,220,0,1003,1002,4950,4957,-1,-1,0:10 0:601 300:1101 310:1105 320:9000 360:1304
176,4,0,[Libra] Standard,708,8006,0,0,0,0,0,1001,1004,4930,4840,-1,-1,0:10 300:1101 310:1105 320:9000 360:1304
177,4,0,[Libra] Standard,703,8001,3080,7727,3500,1044360220,0,1011,1007,4990,4963,-1,-1,0:10 0:140 300:1102 310:1105 360:1304
178,4,0,[Libra] Standard,703,8003,0,0,0,0,0,1011,1004,4950,4923,-1,-1,0:10 300:1102 310:1105 360:1304
179,4,0,[Libra] Standard,703,8001,3080,7727,3500,1044360220,0,1011,1007,4929,4954,-1,-1,0:10 0:140 300:1101 310:1105 320:9000 360:1304
180,4,1,[Libra] Mountaintop,708,8010,3080,7707,3500,1044360220,0,1007,1023,4960,4918,-1,-1,0:11 0:140 300:1101 310:1105 320:9001 360:1301
181,4,1,[Libra] Mountaintop,708,8008,3060,7705,3100,220,0,1010,1023,4790,4975,-1,-1,0:11 0:601 300:1102 310:1105 360:1301
182,4,1,[Libra] Mountaintop,708,8003,0,0,0,0,0,1003,1023,4800,4955,-1,-1,0:11 300:1102 310:1105 360:1301
183,4,1,[Libra] Mountaintop,707,8009,0,0,0,0,0,1003,1023,4951,4962,-1,-1,0:11 300:1101 310:1105 320:9001 360:1301
184,4,1,[Libra] Mountaintop,708,8008,0,0,0,0,0,1003,1023,4930,4956,-1,-1,0:11 300:1102 310:1105 360:1301
185,4,2,[Libra] The Crater,707,8011,0,0,0,0,0,1001,1024,4951,4962,-1,-1,0:12 300:1101 310:1105 320:9001 360:1301
186,4,2,[Libra] The Crater,704,8008,0,0,0,0,0,1004,1024,4890,4921,-1,-1,0:12 300:1101 310:1106 320:9001 360:1301
187,4,2,[Libra] The Crater,704,8008,3060,7725,3100,220,0,1004,1024,4929,4820,-1,-1,0:12 0:601 300:1102 310:1105 360:1301
188,4,2,[Libra] The Crater,705,8011,3090,7726,0,0,0,1010,1024,4961,4979,-1,-1,0:12 0:230 300:1102 310:1105 360:1301
189,4,2,[Libra] The Crater,701,8001,0,0,0,0,0,1005,1024,4958,4969,-1,-1,0:12 300:1102 310:1105 360:1301
190,4,3,[Libra] Rotted Woods,700,8002,0,0,0,0,1046300590,1001,1021,5203,4850,-1,-1,0:13 300:1101 310:1105 320:9001 360:1303
191,4,3,[Libra] Rotted Woods,700,8007,3090,7726,0,0,1047300590,1008,1021,4961,4973,-1,-1,0:13 0:230 300:1101 310:1105 320:9001 350:1104 360:1302
192,4,3,[Libra] Rotted Woods,706,8001,0,0,0,0,1057300590,1011,1021,5201,4959,-1,-1,0:13 300:1102 310:1105 360:1303
193,4,3,[Libra] Rotted Woods,702,8002,0,0,0,0,1057300590,1002,1021,4958,4860,-1,-1,0:13 300:1101 310:1105 320:9001 350:1104 360:1302
194,4,3,[Libra] Rotted Woods,708,8000,3060,7725,3100,220,1047300590,1001,1021,4972,4979,-1,-1,0:13 0:601 300:1101 310:1105 320:9001 360:1303
195,4,5,[Libra] Shrouded City,708,8003,3080,7727,3500,1044380230,0,1002,1025,4968,4963,-1,-1,0:15 0:140 300:1101 310:1105 320:9001 360:1303
196,4,5,[Libra] Shrouded City,705,8005,3060,7705,3100,220,0,1011,1025,4924,4973,-1,-1,0:15 0:601 300:1102 310:1105 350:1104 360:1302
197,4,5,[Libra] Shrouded City,702,8010,0,0,0,0,0,1001,1025,4978,4975,-1,-1,0:15 300:1102 310:1106 350:1104 360:1302
198,4,5,[Libra] Shrouded City,704,8006,0,0,0,0,0,1002,1025,4976,4957,-1,-1,0:15 300:1102 310:1105 360:1303
199,4,5,[Libra] Shrouded City,703,8007,0,0,0,0,0,1011,1025,5202,5212,-1,-1,0:15 300:1102 310:1106 360:1303
200,5,0,[Fulghor] Standard,704,8008,0,0,0,0,0,1010,1002,4780,4954,-1,-1,0:10 300:1101 310:1105 320:9000 350:1104 360:1303 3700:1100
201,5,0,[Fulghor] Standard,703,8006,3070,7725,3100,220,0,1007,1004,4990,5213,-1,-1,0:10 0:602 300:1101 310:1105 320:9000 360:1304
202,5,0,[Fulghor] Standard,703,8005,3070,7705,3100,220,0,1002,1005,4972,4830,-1,-1,0:10 0:602 300:1101 310:1105 320:9000 350:1104 360:1303
203,5,0,[Fulghor] Standard,700,8007,0,0,0,0,0,1008,1000,4950,4962,-1,-1,0:10 300:1102 310:1105 360:1304 3700:1100
204,5,0,[Fulghor] Standard,704,8008,3030,7704,3600,1150,0,1007,1001,4958,4974,-1,-1,0:10 0:180 300:1101 310:1105 320:9000 360:1304 3700:1100
205,5,0,[Fulghor] Standard,702,8001,0,0,0,0,0,1000,1010,5202,5210,-1,-1,0:10 300:1102 310:1105 350:1104 360:1303
206,5,0,[Fulghor] Standard,700,8001,3070,7705,3100,220,0,1007,1002,4961,4969,-1,-1,0:10 0:602 300:1102 310:1105 360:1304
207,5,0,[Fulghor] Standard,701,8000,0,0,0,0,0,1006,1011,4929,4966,-1,-1,0:10 300:1101 310:1105 320:9000 360:1304
208,5,0,[Fulghor] Standard,708,8010,0,0,0,0,0,1010,1006,4968,4957,-1,-1,0:10 300:1102 310:1105 350:1104 360:1303
209,5,0,[Fulghor] Standard,708,8011,3000,7720,0,0,0,1000,1011,4927,4969,-1,4979,0:10 0:120 300:1101 310:1105 320:9000 360:1304
210,5,0,[Fulghor] Standard,702,8005,0,0,0,0,0,1010,1004,4950,4964,-1,-1,0:10 300:1101 310:1105 320:9000 350:1104 360:1303
211,5,0,[Fulghor] Standard,700,8005,3000,7700,0,0,0,1000,1002,4972,4967,4800,-1,0:10 0:120 300:1102 310:1105 360:1304
212,5,0,[Fulghor] Standard,706,8002,0,0,0,0,0,1003,1006,4978,4959,-1,-1,0:10 300:1101 310:1105 320:9000 360:1304
213,5,0,[Fulghor] Standard,707,8011,0,0,0,0,0,1005,1008,4961,4975,-1,-1,0:10 300:1101 310:1105 320:9000 360:1304
214,5,0,[Fulghor] Standard,701,8007,3070,7725,3100,220,0,1007,1000,4971,4975,-1,-1,0:10 0:602 300:1102 310:1106 360:1304
215,5,0,[Fulghor] Standard,707,8001,3070,7705,3100,220,0,1002,1003,4924,4957,-1,-1,0:10 0:602 300:1101 310:1106 320:9000 360:1304
216,5,0,[Fulghor] Standard,704,8011,0,0,0,0,0,1008,1000,4960,4964,-1,-1,0:10 300:1101 310:1105 320:9000 360:1304
217,5,0,[Fulghor] Standard,708,8006,0,0,0,0,0,1002,1005,5203,5212,-1,-1,0:10 300:1102 310:1105 360:1304
218,5,0,[Fulghor] Standard,700,8009,0,0,0,0,0,1004,1002,4951,4979,-1,-1,0:10 300:1101 310:1106 320:9000 360:1304
219,5,0,[Fulghor] Standard,704,8001,0,0,0,0,0,1001,1010,4976,4956,-1,-1,0:10 300:1101 310:1106 320:9000 360:1304
220,5,1,[Fulghor] Mountaintop,706,8003,3000,7700,0,0,0,1009,1023,4910,4820,4952,-1,0:11 0:120 300:1102 310:1105 360:1301 3700:1100
221,5,1,[Fulghor] Mountaintop,707,8004,0,0,0,0,0,1010,1023,4890,4840,-1,-1,0:11 300:1102 310:1105 360:1301
222,5,1,[Fulghor] Mountaintop,707,8007,0,0,0,0,0,1000,1023,4930,4966,-1,-1,0:11 300:1102 310:1105 360:1301
223,5,1,[Fulghor] Mountaintop,707,8000,0,0,0,0,0,1009,1023,4968,4962,-1,-1,0:11 300:1102 310:1105 360:1301
224,5,1,[Fulghor] Mountaintop,701,8000,3070,7705,3100,220,0,1000,1023,5201,5211,-1,-1,0:11 0:602 300:1101 310:1106 320:9001 360:1301
225,5,2,[Fulghor] The Crater,700,8010,3070,7705,3100,220,0,1003,1024,4930,4860,-1,-1,0:12 0:602 300:1102 310:1105 360:1301
226,5,2,[Fulghor] The Crater,702,8000,0,0,0,0,0,1005,1024,4952,4967,-1,-1,0:12 300:1101 310:1105 320:9001 360:1301
227,5,2,[Fulghor] The Crater,701,8005,3030,7724,3600,1152,0,1007,1024,4971,4920,-1,-1,0:12 0:180 300:1101 310:1106 320:9001 360:1301
228,5,2,[Fulghor] The Crater,700,8009,0,0,0,0,0,1007,1024,4790,4963,-1,-1,0:12 300:1102 310:1105 360:1301
229,5,2,[Fulghor] The Crater,708,8010,0,0,0,0,0,1005,1024,4960,4973,-1,-1,0:12 300:1101 310:1105 320:9001 360:1301 3700:1100
230,5,3,[Fulghor] Rotted Woods,701,8000,0,0,0,0,1047300590,1002,1022,4800,4956,-1,-1,0:13 300:1102 310:1105 360:1303 3700:1100
231,5,3,[Fulghor] Rotted Woods,703,8001,3070,7705,3100,220,1046300590,1000,1021,4928,4954,-1,-1,0:13 0:602 300:1102 310:1105 360:1303
232,5,3,[Fulghor] Rotted Woods,708,8004,0,0,0,0,1047300590,1006,1021,4953,4974,-1,-1,0:13 300:1102 310:1105 360:1303
233,5,3,[Fulghor] Rotted Woods,706,8000,0,0,0,0,1057300590,1006,1021,4952,4959,-1,-1,0:13 300:1101 310:1105 320:9001 350:1104 360:1302
234,5,3,[Fulghor] Rotted Woods,701,8003,3000,7720,0,0,1046300590,1008,1021,4953,4979,-1,4967,0:13 0:120 300:1101 310:1105 320:9001 360:1303
235,5,5,[Fulghor] Shrouded City,705,8004,3030,7704,3600,1154,0,1002,1025,4958,4918,-1,-1,0:15 0:180 300:1101 310:1105 320:9001 360:1303
236,5,5,[Fulghor] Shrouded City,702,8004,0,0,0,0,0,1001,1025,4976,4973,-1,-1,0:15 300:1102 310:1105 360:1303 3700:1100
237,5,5,[Fulghor] Shrouded City,702,8007,0,0,0,0,0,1011,1025,4810,4926,-1,-1,0:15 300:1102 310:1105 350:1104 360:1302
238,5,5,[Fulghor] Shrouded City,705,8010,0,0,0,0,0,1001,1025,5202,4955,-1,-1,0:15 300:1102 310:1105 350:1104 360:1302
239,5,5,[Fulghor] Shrouded City,705,8011,3070,7725,3100,220,0,1011,1025,4990,4963,-1,-1,0:15 0:602 300:1101 310:1105 320:9001 360:1303
240,6,0,[Caligo] Standard,706,8010,3070,7705,3100,220,0,1004,1011,4961,4967,-1,-1,0:10 0:602 300:1102 310:1105 360:1304
241,6,0,[Caligo] Standard,700,8010,0,0,0,0,0,1000,1010,4928,4973,-1,-1,0:10 300:1102 310:1105 360:1304 3700:1100
242,6,0,[Caligo] Standard,701,8008,3010,7701,0,0,0,1007,1002,5203,4880,-1,-1,0:10 0:200 300:1101 310:1105 320:9000 360:1304
243,6,0,[Caligo] Standard,700,8005,0,0,0,0,0,1009,1000,4930,4840,-1,-1,0:10 300:1101 310:1105 320:9000 360:1304
244,6,0,[Caligo] Standard,705,8007,0,0,0,0,0,1005,1011,5201,5210,-1,-1,0:10 300:1101 310:1105 320:9000 360:1304
245,6,0,[Caligo] Standard,700,8009,3050,7705,3100,220,0,1002,1006,4958,4918,-1,-1,0:10 0:603 300:1101 310:1106 320:9000 360:1304
246,6,0,[Caligo] Standard,705,8009,0,0,0,0,0,1007,1005,4951,5212,-1,-1,0:10 300:1101 310:1105 320:9000 360:1304
247,6,0,[Caligo] Standard,705,8006,0,0,0,0,0,1001,1011,4930,4921,-1,-1,0:10 300:1101 310:1105 320:9000 360:1304
248,6,0,[Caligo] Standard,705,8006,0,0,0,0,0,1011,1006,4952,5213,-1,-1,0:10 300:1101 310:1106 320:9000 360:1304 3700:1100
249,6,0,[Caligo] Standard,708,8006,3070,7725,3100,220,0,1003,1006,4953,4973,-1,-1,0:10 0:602 300:1102 310:1105 360:1304
250,6,0,[Caligo] Standard,707,8008,0,0,0,0,0,1005,1011,4950,4820,-1,-1,0:10 300:1101 310:1105 320:9000 360:1304
251,6,0,[Caligo] Standard,707,8006,0,0,0,0,0,1007,1000,5203,4959,-1,-1,0:10 300:1101 310:1105 320:9000 360:1304
252,6,0,[Caligo] Standard,707,8011,3050,7725,3100,220,0,1005,1011,4968,4969,-1,-1,0:10 0:603 300:1101 310:1105 320:9000 350:1104 360:1303
253,6,0,[Caligo] Standard,701,8001,0,0,0,0,0,1002,1009,4990,4975,-1,-1,0:10 300:1102 310:1105 350:1104 360:1303
254,6,0,[Caligo] Standard,702,8000,0,0,0,0,0,1003,1011,4950,4959,-1,-1,0:10 300:1102 310:1105 350:1104 360:1303
255,6,0,[Caligo] Standard,706,8010,3050,7725,3100,220,0,1002,1006,4929,5211,-1,-1,0:10 0:603 300:1102 310:1105 360:1304
256,6,0,[Caligo] Standard,702,8006,0,0,0,0,0,1005,1008,5201,4964,-1,-1,0:10 300:1102 310:1105 350:1104 360:1303
257,6,0,[Caligo] Standard,704,8000,3050,7705,3100,220,0,1002,1004,4890,4975,-1,-1,0:10 0:603 300:1102 310:1105 350:1104 360:1303
258,6,0,[Caligo] Standard,703,8000,0,0,0,0,0,1011,1003,5202,4955,-1,-1,0:10 300:1101 310:1105 320:9000 360:1304
259,6,0,[Caligo] Standard,703,8000,3020,7702,0,0,0,1011,1009,4960,4974,-1,-1,0:10 0:210 300:1102 310:1105 360:1304 3700:1100
260,6,1,[Caligo] Mountaintop,707,8004,3050,7725,3100,220,0,1009,1023,4961,4920,-1,-1,0:11 0:603 300:1101 310:1105 320:9001 360:1301
261,6,1,[Caligo] Mountaintop,705,8011,0,0,0,0,0,1007,1023,4924,4974,-1,-1,0:11 300:1101 310:1105 320:9001 360:1301
262,6,1,[Caligo] Mountaintop,706,8008,3070,7725,3100,220,0,1010,1023,4927,4979,-1,-1,0:11 0:602 300:1102 310:1105 360:1301
263,6,1,[Caligo] Mountaintop,707,8011,0,0,0,0,0,1011,1023,4971,4926,-1,-1,0:11 300:1102 310:1105 360:1301 3700:1100
264,6,1,[Caligo] Mountaintop,708,8004,0,0,0,0,0,1000,1023,4976,4954,-1,-1,0:11 300:1101 310:1105 320:9001 350:1104 360:1300 3700:1100
265,6,2,[Caligo] The Crater,702,8009,0,0,0,0,0,1003,1024,4910,4962,-1,-1,0:12 300:1102 310:1105 360:1301
266,6,2,[Caligo] The Crater,701,8009,3050,7705,3100,220,0,1001,1024,4972,4964,-1,-1,0:12 0:603 300:1101 310:1105 320:9001 350:1104 360:1300
267,6,2,[Caligo] The Crater,702,8008,3020,7722,0,0,0,1003,1024,4810,4955,-1,-1,0:12 0:210 300:1101 310:1106 320:9001 360:1301
268,6,2,[Caligo] The Crater,708,8010,0,0,0,0,0,1003,1024,4953,4860,-1,-1,0:12 300:1102 310:1106 360:1301
269,6,2,[Caligo] The Crater,702,8001,0,0,0,0,0,1011,1024,4972,4830,-1,-1,0:12 300:1101 310:1105 320:9001 350:1104 360:1300 3700:1100
270,6,3,[Caligo] Rotted Woods,703,8001,0,0,0,0,1047300590,1004,1022,4971,4954,-1,-1,0:13 300:1102 310:1105 350:1104 360:1302
271,6,3,[Caligo] Rotted Woods,701,8005,0,0,0,0,1047300590,1006,1021,4951,4956,-1,-1,0:13 300:1102 310:1105 350:1104 360:1302
272,6,3,[Caligo] Rotted Woods,706,8005,3070,7705,3100,220,1057300590,1004,1022,5202,4966,-1,-1,0:13 0:602 300:1102 310:1105 360:1303
273,6,3,[Caligo] Rotted Woods,703,8002,3020,7702,0,0,1046300590,1008,1022,4780,4967,-1,-1,0:13 0:210 300:1102 310:1105 360:1303 3700:1100
274,6,3,[Caligo] Rotted Woods,702,8006,0,0,0,0,1057300590,1004,1022,4960,4979,-1,-1,0:13 300:1102 310:1105 360:1303
275,6,5,[Caligo] Shrouded City,707,8001,3050,7725,3100,220,0,1002,1025,4790,4957,-1,-1,0:15 0:603 300:1101 310:1106 320:9001 360:1303
276,6,5,[Caligo] Shrouded City,702,8007,0,0,0,0,0,1011,1025,4952,4969,-1,-1,0:15 300:1101 310:1105 320:9001 360:1303 3700:1100
277,6,5,[Caligo] Shrouded City,705,8001,0,0,0,0,0,1011,1025,4976,4963,-1,-1,0:15 300:1102 310:1106 360:1303
278,6,5,[Caligo] Shrouded City,707,8007,3010,7721,0,0,0,1011,1025,4978,4966,-1,-1,0:15 0:200 300:1101 310:1105 320:9001 350:1104 360:1302
279,6,5,[Caligo] Shrouded City,706,8002,0,0,0,0,0,1011,1025,4990,4956,-1,-1,0:15 300:1102 310:1105 350:1104 360:1302
280,7,0,[Heolstor] Standard,705,8011,0,0,0,0,0,1001,1009,4968,4850,-1,-1,0:10 300:1101 310:1105 320:9000 360:1304
281,7,0,[Heolstor] Standard,703,8011,0,0,0,0,0,1010,1001,4800,4920,-1,-1,0:10 300:1101 310:1105 320:9000 360:1304
282,7,0,[Heolstor] Standard,707,8008,0,0,0,0,0,1003,1006,5202,4969,-1,-1,0:10 300:1102 310:1105 360:1304
283,7,0,[Heolstor] Standard,706,8004,0,0,0,0,0,1000,1007,4958,4820,-1,-1,0:10 300:1102 310:1105 360:1304
284,7,0,[Heolstor] Standard,700,8004,0,0,0,0,0,1004,1010,4953,4966,-1,-1,0:10 300:1102 310:1105 350:1104 360:1303
285,7,0,[Heolstor] Standard,705,8005,3040,7725,3100,220,0,1002,1004,5202,5211,-1,-1,0:10 0:601 300:1101 310:1105 320:9000 360:1304
286,7,0,[Heolstor] Standard,707,8008,0,0,0,0,0,1002,1005,4953,4975,-1,-1,0:10 300:1102 310:1105 360:1304 3700:1100
287,7,0,[Heolstor] Standard,705,8006,3060,7725,3100,220,0,1003,1002,4960,5213,-1,-1,0:10 0:604 300:1101 310:1106 320:9000 360:1304 3700:1100
288,7,0,[Heolstor] Standard,702,8008,3040,7725,3100,220,0,1003,1002,4930,4975,-1,-1,0:10 0:604 300:1101 310:1106 320:9000 360:1304 3700:1100
289,7,0,[Heolstor] Standard,700,8009,0,0,0,0,0,1001,1007,5203,4918,-1,-1,0:10 300:1101 310:1105 320:9000 350:1104 360:1303 3700:1100
290,7,0,[Heolstor] Standard,704,8002,0,0,0,0,0,1011,1004,4950,4959,-1,-1,0:10 300:1102 310:1105 360:1304
291,7,0,[Heolstor] Standard,700,8009,0,0,0,0,0,1003,1001,4972,4880,-1,-1,0:10 300:1101 310:1105 320:9000 350:1104 360:1303
292,7,0,[Heolstor] Standard,706,8000,3050,7705,3100,220,0,1006,1009,4976,4957,-1,-1,0:10 0:603 300:1101 310:1105 320:9000 350:1104 360:1303 3700:1100
293,7,0,[Heolstor] Standard,702,8003,3050,7705,3100,220,0,1007,1008,4951,4973,-1,-1,0:10 0:603 300:1101 310:1105 320:9000 360:1304
294,7,0,[Heolstor] Standard,708,8003,0,0,0,0,0,1002,1006,5203,4964,-1,-1,0:10 300:1101 310:1106 320:9000 360:1304
295,7,0,[Heolstor] Standard,701,8004,3070,7725,3100,220,0,1003,1011,4961,4973,-1,-1,0:10 0:602 300:1101 310:1105 320:9000 360:1304
296,7,0,[Heolstor] Standard,706,8002,3060,7725,3100,220,0,1002,1011,4978,4979,-1,-1,0:10 0:601 300:1101 310:1105 320:9000 360:1304 3700:1100
297,7,0,[Heolstor] Standard,701,8010,0,0,0,0,0,1009,1001,4951,4967,-1,-1,0:10 300:1101 310:1105 320:9000 360:1304 3700:1100
298,7,0,[Heolstor] Standard,703,8005,3070,7705,3100,220,0,1009,1006,4960,4969,-1,-1,0:10 0:602 300:1102 310:1105 360:1304
299,7,0,[Heolstor] Standard,706,8000,0,0,0,0,0,1010,1000,4971,4963,-1,-1,0:10 300:1101 310:1105 320:9000 360:1304
300,7,1,[Heolstor] Mountaintop,708,8010,3060,7705,3100,220,0,1009,1023,5201,4959,-1,-1,0:11 0:601 300:1101 310:1105 320:9001 350:1104 360:1300 3700:1100
301,7,1,[Heolstor] Mountaintop,704,8009,0,0,0,0,0,1009,1023,4961,4966,-1,-1,0:11 300:1101 310:1105 320:9001 350:1104 360:1300
302,7,1,[Heolstor] Mountaintop,704,8003,3050,7725,3100,220,0,1011,1023,5201,4830,-1,-1,0:11 0:603 300:1102 310:1105 360:1301
303,7,1,[Heolstor] Mountaintop,704,8007,0,0,0,0,0,1010,1023,4780,4963,-1,-1,0:11 300:1102 310:1105 360:1301
304,7,1,[Heolstor] Mountaintop,706,8004,0,0,0,0,0,1000,1023,4927,4957,-1,-1,0:11 300:1101 310:1105 320:9001 360:1301
305,7,2,[Heolstor] The Crater,700,8005,0,0,0,0,0,1010,1024,4950,4923,-1,-1,0:12 300:1101 310:1105 320:9001 360:1301 3700:1100
306,7,2,[Heolstor] The Crater,708,8010,3060,7705,3100,220,0,1009,1024,4790,4967,-1,-1,0:12 0:601 300:1101 310:1105 320:9001 350:1104 360:1300 3700:1100
307,7,2,[Heolstor] The Crater,704,8004,0,0,0,0,0,1003,1024,4958,4974,-1,-1,0:12 300:1101 310:1105 320:9001 360:1301
308,7,2,[Heolstor] The Crater,705,8004,0,0,0,0,0,1001,1024,4928,4962,-1,-1,0:12 300:1102 310:1105 360:1301
309,7,2,[Heolstor] The Crater,702,8001,3040,7725,3100,220,0,1007,1024,4971,4840,-1,-1,0:12 0:604 300:1102 310:1106 350:1104 360:1300 3700:1100
310,7,3,[Heolstor] Rotted Woods,708,8006,0,0,0,0,1046300590,1000,1022,4810,4954,-1,-1,0:13 300:1102 310:1105 360:1303 3700:1100
311,7,3,[Heolstor] Rotted Woods,702,8007,0,0,0,0,1047300590,1001,1021,4929,5212,-1,-1,0:13 300:1102 310:1106 360:1303
312,7,3,[Heolstor] Rotted Woods,702,8007,3070,7725,3100,220,1046300590,1000,1021,4952,4964,-1,-1,0:13 0:602 300:1101 310:1105 320:9001 360:1303
313,7,3,[Heolstor] Rotted Woods,706,8002,3040,7705,3100,220,1057300590,1003,1022,4972,4956,-1,-1,0:13 0:604 300:1102 310:1105 360:1303
314,7,3,[Heolstor] Rotted Woods,701,8004,0,0,0,0,1057300590,1008,1021,4929,4926,-1,-1,0:13 300:1101 310:1105 320:9001 350:1104 360:1302
315,7,5,[Heolstor] Shrouded City,707,8001,0,0,0,0,0,1011,1025,4990,4979,-1,-1,0:15 300:1101 310:1105 320:9001 350:1104 360:1302
316,7,5,[Heolstor] Shrouded City,707,8002,3050,7725,3100,220,0,1011,1025,4990,4962,-1,-1,0:15 0:603 300:1101 310:1105 320:9001 360:1303
317,7,5,[Heolstor] Shrouded City,708,8011,0,0,0,0,0,1002,1025,4978,4921,-1,-1,0:15 300:1102 310:1105 360:1303 3700:1100
318,7,5,[Heolstor] Shrouded City,706,8006,0,0,0,0,0,1011,1025,4952,4954,-1,-1,0:15 300:1101 310:1105 320:9001 360:1303
319,7,5,[Heolstor] Shrouded City,708,8001,3070,7725,3100,220,0,1001,1025,4890,5210,-1,-1,0:15 0:602 300:1102 310:1105 360:1303
1000,0,0,[Gladius] Standard (DLC),703,8006,3110,7725,3110,801,0,1000,1001,4780,4860,-1,-1,0:10 0:10000 300:1102 310:1105 360:1304 3700:1100 4000:12003
1001,0,0,[Gladius] Standard (DLC),707,8002,0,0,0,0,0,1011,1005,5203,4975,-1,-1,0:10 300:1102 310:1105 360:1304 3700:1100 4000:12003
1002,0,0,[Gladius] Standard (DLC),700,8002,3110,7705,3110,800,0,1009,1001,4930,4959,-1,-1,0:10 0:10000 300:1102 310:1105 360:1304 3700:1100 4000:12003
1003,0,0,[Gladius] Standard (DLC),706,8006,0,0,0,0,0,1002,1006,4929,4955,-1,-1,0:10 300:1102 310:1105 360:1304 4000:12003
1004,0,0,[Gladius] Standard (DLC),703,8009,3130,7705,3130,800,0,1011,1006,4978,4967,-1,-1,0:10 0:10001 300:1102 310:1105 350:1104 360:1303 4000:12002
1005,0,4,[Gladius] Great Hollow (DLC),13000,8004,0,0,3600,8004,0,11002,12000,5203,5213,-1,-1,0:14 0:15002 0:15003 0:15101 0:15103 0:15104
1006,0,4,[Gladius] Great Hollow (DLC),13002,8006,510,7705,3600,8006,0,11001,12000,4960,4955,-1,-1,0:14 0:10000 0:15002 0:15004 0:15100 0:15102 0:15105
1007,0,4,[Gladius] Great Hollow (DLC),13002,8002,530,7707,3600,8002,0,11000,12001,4929,4979,-1,-1,0:14 0:140 0:15001 0:15005 0:15100 0:15103 0:15105
1008,0,4,[Gladius] Great Hollow (DLC),13001,8009,530,7700,3600,8009,0,11002,12001,4810,4973,4910,-1,0:14 0:15002 0:15003 0:15101 0:15102 0:15104
1009,0,4,[Gladius] Great Hollow (DLC),13001,8008,0,0,3600,8008,0,11001,12000,4910,4974,-1,-1,0:14 0:15001 0:15005 0:15101 0:15103 0:15105
1010,1,0,[Adel] Standard (DLC),702,8004,3110,7725,3110,801,0,1002,1004,4968,4969,-1,-1,0:10 0:10000 300:1102 310:1105 360:1304 4000:12002
1011,1,0,[Adel] Standard (DLC),707,8003,3120,7725,3120,801,0,1007,1001,4929,4966,-1,-1,0:10 0:600 300:1102 310:1105 360:1304 4000:12003
1012,1,0,[Adel] Standard (DLC),702,8003,3120,7705,3120,800,0,1000,1002,4951,4926,-1,-1,0:10 0:600 300:1101 310:1105 320:9000 360:1304 4000:12002
1013,1,0,[Adel] Standard (DLC),703,8007,0,0,0,0,0,1011,1003,4930,4979,-1,-1,0:10 300:1102 310:1105 360:1304 4000:12002
1014,1,0,[Adel] Standard (DLC),701,8005,0,0,0,0,0,1008,1003,4790,4921,-1,-1,0:10 300:1101 310:1105 320:9000 350:1104 360:1303 4000:12002
1015,1,4,[Adel] Great Hollow (DLC),13002,8003,520,7725,3600,8003,0,11000,12000,4971,4840,-1,-1,0:14 0:600 0:15002 0:15003 0:15100 0:15102 0:15105 3700:1100
1016,1,4,[Adel] Great Hollow (DLC),13002,8003,505,7700,3600,8003,0,11000,12001,4960,4969,4927,-1,0:14 0:120 0:15002 0:15004 0:15101 0:15102 0:15104
1017,1,4,[Adel] Great Hollow (DLC),13000,8007,0,0,3600,8007,0,11002,12001,4928,5211,-1,-1,0:14 0:15001 0:15005 0:15101 0:15103 0:15104
1018,1,4,[Adel] Great Hollow (DLC),13001,8010,0,0,3600,8010,0,11002,12000,4790,4974,-1,-1,0:14 0:15001 0:15003 0:15100 0:15102 0:15104
1019,1,4,[Adel] Great Hollow (DLC),13001,8003,510,7725,3600,8003,0,11001,12001,4924,4830,-1,-1,0:14 0:10000 0:15001 0:15004 0:15100 0:15103 0:15105
1020,2,0,[Gnoster] Standard (DLC),708,8008,0,0,0,0,0,1010,1006,4800,4979,-1,-1,0:10 300:1102 310:1105 350:1104 360:1303 4000:12003
1021,2,0,[Gnoster] Standard (DLC),700,8004,3110,7725,3110,801,0,1009,1006,4958,4955,-1,-1,0:10 0:10000 300:1101 310:1106 320:9000 360:1304 4000:12002
1022,2,0,[Gnoster] Standard (DLC),703,8007,0,0,0,0,0,1000,1007,4972,4973,-1,-1,0:10 300:1101 310:1106 320:9000 360:1304 4000:12002
1023,2,0,[Gnoster] Standard (DLC),700,8007,3110,7725,3110,801,0,1010,1006,4810,4830,-1,-1,0:10 0:10000 300:1102 310:1106 360:1304 4000:12003
1024,2,0,[Gnoster] Standard (DLC),702,8011,3120,7705,3120,800,0,1002,1007,4790,4974,-1,-1,0:10 0:600 300:1101 310:1105 320:9000 360:1304 3700:1100 4000:12002
1025,2,4,[Gnoster] Great Hollow (DLC),13000,8010,0,0,3600,8010,0,11002,12000,4928,4959,-1,-1,0:14 0:15002 0:15005 0:15101 0:15103 0:15104
1026,2,4,[Gnoster] Great Hollow (DLC),13002,1046400230,500,7727,3600,8000,0,11000,12000,4990,4820,-1,-1,0:14 0:140 0:15002 0:15003 0:15101 0:15102 0:15104
1027,2,4,[Gnoster] Great Hollow (DLC),13002,8001,520,7725,3600,8001,0,11000,12000,4800,4955,-1,-1,0:14 0:600 0:15001 0:15005 0:15100 0:15103 0:15105 3700:1100
1028,2,4,[Gnoster] Great Hollow (DLC),13000,8010,0,0,3600,8010,0,11001,12001,4952,4840,-1,-1,0:14 0:15002 0:15004 0:15101 0:15103 0:15105 3700:1100
1029,2,4,[Gnoster] Great Hollow (DLC),13001,8007,540,7725,3600,8007,0,11002,12001,4790,5212,-1,-1,0:14 0:603 0:15001 0:15004 0:15100 0:15102 0:15105 3700:1100
1030,3,0,[Maris] Standard (DLC),708,8006,0,0,0,0,0,1007,1011,4950,4926,-1,-1,0:10 300:1102 310:1106 360:1304 4000:12002
1031,3,0,[Maris] Standard (DLC),703,8011,0,0,0,0,0,1006,1011,4790,4955,-1,-1,0:10 300:1102 310:1105 350:1104 360:1303 4000:12003
1032,3,0,[Maris] Standard (DLC),700,8011,3130,7705,3130,800,0,1010,1000,4961,4840,-1,-1,0:10 0:10001 300:1102 310:1105 350:1104 360:1303 4000:12002
1033,3,0,[Maris] Standard (DLC),700,8006,3110,7725,3110,801,0,1003,1008,4968,4979,-1,-1,0:10 0:10000 300:1101 310:1106 320:9000 360:1304 3700:1100 4000:12003
1034,3,0,[Maris] Standard (DLC),700,8006,3130,7705,3130,800,0,1000,1007,4929,4959,-1,-1,0:10 0:10001 300:1101 310:1105 320:9000 360:1304 4000:12003
1035,3,4,[Maris] Great Hollow (DLC),13002,8010,530,7720,3600,8010,0,11000,12001,4971,4840,-1,4974,0:14 0:15002 0:15005 0:15101 0:15103 0:15105 3700:1100
1036,3,4,[Maris] Great Hollow (DLC),13000,8004,0,0,3600,8004,0,11002,12001,4960,4957,-1,-1,0:14 0:15001 0:15003 0:15100 0:15103 0:15105
1037,3,4,[Maris] Great Hollow (DLC),13001,8002,550,7705,3600,8002,0,11001,12000,4929,4920,-1,-1,0:14 0:601 0:15001 0:15004 0:15101 0:15102 0:15104 3700:1100
1038,3,4,[Maris] Great Hollow (DLC),13001,8002,510,7705,3600,8002,0,11002,12001,4990,4955,-1,-1,0:14 0:10000 0:15002 0:15003 0:15100 0:15102 0:15104
1039,3,4,[Maris] Great Hollow (DLC),13000,8009,0,0,3600,8009,0,11001,12000,4910,5212,-1,-1,0:14 0:15001 0:15005 0:15100 0:15102 0:15104
1040,4,0,[Libra] Standard (DLC),708,8001,3120,7725,3120,801,0,1010,1006,4780,4880,-1,-1,0:10 0:600 300:1102 310:1105 360:1304 4000:12002
1041,4,0,[Libra] Standard (DLC),700,8002,0,0,0,0,0,1010,1006,4976,4966,-1,-1,0:10 300:1102 310:1105 350:1104 360:1303 4000:12002
1042,4,0,[Libra] Standard (DLC),701,8001,3130,7705,3130,800,0,1005,1002,4927,5213,-1,-1,0:10 0:10001 300:1102 310:1106 360:1304 4000:12003
1043,4,0,[Libra] Standard (DLC),701,8001,3130,7705,3130,800,0,1002,1007,4972,4830,-1,-1,0:10 0:10001 300:1102 310:1105 360:1304 4000:12002
1044,4,0,[Libra] Standard (DLC),704,8007,0,0,0,0,0,1011,1009,4953,4955,-1,-1,0:10 300:1102 310:1105 360:1304 4000:12002
1045,4,4,[Libra] Great Hollow (DLC),13002,8003,550,7725,3600,8003,0,11000,12001,4990,4850,-1,-1,0:14 0:601 0:15002 0:15004 0:15101 0:15102 0:15105
1046,4,4,[Libra] Great Hollow (DLC),13000,8009,530,7727,3600,8009,0,11002,12000,4928,4957,-1,-1,0:14 0:140 0:15002 0:15004 0:15100 0:15103 0:15104
1047,4,4,[Libra] Great Hollow (DLC),13001,1038400230,500,7727,3600,8003,0,11001,12001,4960,4840,-1,-1,0:14 0:140 0:15001 0:15003 0:15100 0:15103 0:15105
1048,4,4,[Libra] Great Hollow (DLC),13002,8001,0,0,3600,8001,0,11000,12000,5203,5213,-1,-1,0:14 0:15001 0:15005 0:15101 0:15102 0:15104
1049,4,4,[Libra] Great Hollow (DLC),13000,8002,0,0,3600,8002,0,11001,12000,4953,4974,-1,-1,0:14 0:15002 0:15003 0:15101 0:15103 0:15105
1050,5,0,[Fulghor] Standard (DLC),707,8005,3120,7725,3120,801,0,1005,1011,5201,4923,-1,-1,0:10 0:600 300:1101 310:1106 320:9000 360:1304 4000:12003
1051,5,0,[Fulghor] Standard (DLC),701,8010,0,0,0,0,0,1011,1007,4951,4955,-1,-1,0:10 300:1101 310:1105 320:9000 350:1104 360:1303 4000:12003
1052,5,0,[Fulghor] Standard (DLC),704,8004,0,0,0,0,0,1011,1007,4929,4921,-1,-1,0:10 300:1101 310:1106 320:9000 360:1304 4000:12002
1053,5,0,[Fulghor] Standard (DLC),707,8010,3130,7705,3130,800,0,1001,1003,5203,4880,-1,-1,0:10 0:10001 300:1102 310:1105 360:1304 3700:1100 4000:12002
1054,5,0,[Fulghor] Standard (DLC),706,8006,3130,7705,3130,800,0,1002,1009,4978,4850,-1,-1,0:10 0:10001 300:1101 310:1105 320:9000 360:1304 4000:12003
1055,5,4,[Fulghor] Great Hollow (DLC),13002,8006,560,7705,3600,8006,0,11000,12000,4990,4955,-1,-1,0:14 0:602 0:15001 0:15004 0:15101 0:15102 0:15105
1056,5,4,[Fulghor] Great Hollow (DLC),13001,8009,0,0,3600,8009,0,11002,12001,4910,4969,-1,-1,0:14 0:15001 0:15005 0:15101 0:15102 0:15104 3700:1100
1057,5,4,[Fulghor] Great Hollow (DLC),13000,8006,520,7725,3600,8006,0,11001,12000,4960,4923,-1,-1,0:14 0:600 0:15001 0:15003 0:15100 0:15102 0:15105
1058,5,4,[Fulghor] Great Hollow (DLC),13000,8003,0,0,3600,8003,0,11002,12001,4951,4926,-1,-1,0:14 0:15002 0:15005 0:15100 0:15103 0:15104
1059,5,4,[Fulghor] Great Hollow (DLC),13001,8004,505,7720,3600,8004,0,11001,12001,4780,5212,-1,4956,0:14 0:120 0:15002 0:15004 0:15100 0:15103 0:15104
1060,6,0,[Caligo] Standard (DLC),705,8009,3130,7705,3130,800,0,1003,1010,4800,4962,-1,-1,0:10 0:10001 300:1102 310:1105 360:1304 3700:1100 4000:12002
1061,6,0,[Caligo] Standard (DLC),707,8003,3120,7705,3120,800,0,1005,1002,4929,4923,-1,-1,0:10 0:600 300:1102 310:1105 360:1304 4000:12002
1062,6,0,[Caligo] Standard (DLC),703,8003,0,0,0,0,0,1002,1005,4978,4957,-1,-1,0:10 300:1101 310:1106 320:9000 360:1304 4000:12003
1063,6,0,[Caligo] Standard (DLC),708,8011,0,0,0,0,0,1003,1010,4968,4963,-1,-1,0:10 300:1102 310:1105 360:1304 4000:12002
1064,6,0,[Caligo] Standard (DLC),705,8009,3130,7705,3130,800,0,1011,1004,4958,4850,-1,-1,0:10 0:10001 300:1101 310:1105 320:9000 360:1304 4000:12002
1065,6,4,[Caligo] Great Hollow (DLC),13001,8001,530,7720,3600,8001,0,11002,12000,4910,5210,-1,4820,0:14 0:15002 0:15004 0:15101 0:15103 0:15104
1066,6,4,[Caligo] Great Hollow (DLC),13002,8006,560,7725,3600,8006,0,11000,12000,4780,4957,-1,-1,0:14 0:602 0:15002 0:15003 0:15101 0:15103 0:15105
1067,6,4,[Caligo] Great Hollow (DLC),13001,8006,540,7705,3600,8006,0,11002,12000,4951,4955,-1,-1,0:14 0:603 0:15001 0:15005 0:15101 0:15103 0:15105
1068,6,4,[Caligo] Great Hollow (DLC),13000,8003,0,0,3600,8003,0,11001,12001,4960,4820,-1,-1,0:14 0:15002 0:15005 0:15100 0:15102 0:15104
1069,6,4,[Caligo] Great Hollow (DLC),13000,8002,0,0,3600,8002,0,11001,12001,4800,4974,-1,-1,0:14 0:15001 0:15003 0:15100 0:15102 0:15105
1070,7,0,[Heolstor] Standard (DLC),706,8008,3120,7725,3120,801,0,1007,1000,4930,4955,-1,-1,0:10 0:600 300:1102 310:1105 360:1304 4000:12003
1071,7,0,[Heolstor] Standard (DLC),703,8008,0,0,0,0,0,1008,1001,4924,4860,-1,-1,0:10 300:1102 310:1105 350:1104 360:1303 4000:12002
1072,7,0,[Heolstor] Standard (DLC),705,8010,3110,7705,3110,800,0,1008,1002,4968,4974,-1,-1,0:10 0:10000 300:1102 310:1105 350:1104 360:1303 4000:12002
1073,7,0,[Heolstor] Standard (DLC),708,8008,0,0,0,0,0,1011,1005,4910,4956,-1,-1,0:10 300:1102 310:1105 360:1304 4000:12002
1074,7,0,[Heolstor] Standard (DLC),706,8007,3130,7705,3130,800,0,1004,1011,4976,4955,-1,-1,0:10 0:10001 300:1102 310:1105 350:1104 360:1303 4000:12003
1075,7,4,[Heolstor] Great Hollow (DLC),13001,8010,0,0,3600,8010,0,11001,12000,4927,4975,-1,-1,0:14 0:15002 0:15003 0:15100 0:15102 0:15104
1076,7,4,[Heolstor] Great Hollow (DLC),13002,8010,0,0,3600,8010,0,11001,12000,4976,4850,-1,-1,0:14 0:15001 0:15004 0:15100 0:15102 0:15104
1077,7,4,[Heolstor] Great Hollow (DLC),13000,8007,520,7725,3600,8007,0,11002,12000,4960,4918,-1,-1,0:14 0:600 0:15001 0:15005 0:15101 0:15102 0:15105
1078,7,4,[Heolstor] Great Hollow (DLC),13001,8003,530,7720,3600,8003,0,11001,12001,4951,4964,-1,4955,0:14 0:15001 0:15003 0:15100 0:15103 0:15105
1079,7,4,[Heolstor] Great Hollow (DLC),13002,8009,510,7725,3600,8009,0,11000,12001,4800,4830,-1,-1,0:14 0:10000 0:15002 0:15004 0:15101 0:15103 0:15104
1080,8,0,[Harmonia] Standard (DLC),707,8003,3080,7727,3500,1044360220,0,1005,1002,4968,4973,-1,-1,0:10 0:140 300:1101 310:1105 320:9000 350:1104 360:1303 4000:12002
1081,8,0,[Harmonia] Standard (DLC),700,8010,3120,7725,3120,801,0,1005,1008,4953,4969,-1,-1,0:10 0:600 300:1101 310:1105 320:9000 360:1304 4000:12003
1082,8,0,[Harmonia] Standard (DLC),706,8011,3120,7705,3120,800,0,1003,1008,4960,4920,-1,-1,0:10 0:600 300:1101 310:1105 320:9000 360:1304 4000:12002
1083,8,0,[Harmonia] Standard (DLC),707,8007,0,0,0,0,0,1011,1009,4990,4964,-1,-1,0:10 300:1102 310:1105 350:1104 360:1303 4000:12003
1084,8,0,[Harmonia] Standard (DLC),702,8000,0,0,0,0,0,1008,1003,4968,5210,-1,-1,0:10 300:1102 310:1105 350:1104 360:1303 4000:12002
1085,8,0,[Harmonia] Standard (DLC),702,8003,0,0,0,0,0,1003,1001,4929,4967,-1,-1,0:10 300:1102 310:1106 360:1304 4000:12003
1086,8,0,[Harmonia] Standard (DLC),705,8001,3120,7725,3120,801,0,1002,1006,4800,5213,-1,-1,0:10 0:600 300:1101 310:1105 320:9000 360:1304 4000:12002
1087,8,0,[Harmonia] Standard (DLC),705,8004,3000,7720,0,0,0,1011,1001,4890,4959,-1,4955,0:10 0:120 300:1101 310:1105 320:9000 350:1104 360:1303 4000:12002
1088,8,0,[Harmonia] Standard (DLC),700,8004,3120,7705,3120,800,0,1010,1002,5202,4967,-1,-1,0:10 0:600 300:1102 310:1106 360:1304 4000:12003
1089,8,0,[Harmonia] Standard (DLC),705,8004,3110,7705,3110,800,0,1002,1003,4780,4957,-1,-1,0:10 0:10000 300:1101 310:1105 320:9000 350:1104 360:1303 4000:12003
1090,8,0,[Harmonia] Standard (DLC),701,8008,0,0,0,0,0,1011,1003,4961,5212,-1,-1,0:10 300:1102 310:1105 360:1304 4000:12003
1091,8,0,[Harmonia] Standard (DLC),706,8010,0,0,0,0,0,1000,1002,4972,4974,-1,-1,0:10 300:1101 310:1105 320:9000 360:1304 4000:12003
1092,8,0,[Harmonia] Standard (DLC),702,8011,3120,7725,3120,801,0,1011,1005,4790,4966,-1,-1,0:10 0:600 300:1102 310:1106 360:1304 4000:12002
1093,8,0,[Harmonia] Standard (DLC),703,8008,3020,7702,0,0,0,1005,1002,4976,5211,-1,-1,0:10 0:210 300:1101 310:1105 320:9000 360:1304 4000:12003
1094,8,0,[Harmonia] Standard (DLC),702,8010,3110,7725,3110,801,0,1008,1009,4972,4975,-1,-1,0:10 0:10000 300:1102 310:1105 360:1304 3700:1100 4000:12003
1095,8,0,[Harmonia] Standard (DLC),705,8004,3110,7705,3110,800,0,1003,1011,4960,4954,-1,-1,0:10 0:10000 300:1102 310:1105 360:1304 4000:12002
1096,8,0,[Harmonia] Standard (DLC),705,8009,3010,7721,0,0,0,1007,1002,4971,4918,-1,-1,0:10 0:200 300:1102 310:1106 350:1104 360:1303 4000:12002
1097,8,0,[Harmonia] Standard (DLC),700,8002,0,0,0,0,0,1011,1000,4928,4923,-1,-1,0:10 300:1102 310:1105 360:1304 4000:12002
1098,8,0,[Harmonia] Standard (DLC),701,8008,3120,7705,3120,800,0,1002,1006,4978,4973,-1,-1,0:10 0:600 300:1102 310:1105 360:1304 4000:12003
1099,8,0,[Harmonia] Standard (DLC),706,8000,0,0,0,0,0,1010,1000,5203,4921,-1,-1,0:10 300:1102 310:1105 360:1304 3700:1100 4000:12003
1100,8,1,[Harmonia] Mountaintop (DLC),700,8004,3030,7724,3600,1151,0,1009,1023,5201,4962,-1,-1,0:11 0:180 300:1101 310:1105 320:9001 350:1104 360:1300 3700:1100 4000:12003
1101,8,1,[Harmonia] Mountaintop (DLC),704,8003,3120,7725,3120,801,0,1007,1023,4978,4959,-1,-1,0:11 0:600 300:1101 310:1105 320:9001 350:1104 360:1300 4000:12002
1102,8,1,[Harmonia] Mountaintop (DLC),701,8009,3000,7700,0,0,0,1003,1023,4961,4830,4790,-1,0:11 0:120 300:1102 310:1105 360:1301 4000:12003
1103,8,1,[Harmonia] Mountaintop (DLC),700,8009,0,0,0,0,0,1009,1023,4952,4966,-1,-1,0:11 300:1102 310:1105 360:1301 4000:12002
1104,8,1,[Harmonia] Mountaintop (DLC),705,8011,0,0,0,0,0,1010,1023,4927,4962,-1,-1,0:11 300:1101 310:1105 320:9001 360:1301 4000:12002
1105,8,2,[Harmonia] The Crater (DLC),705,8010,3120,7705,3120,800,0,1007,1024,5203,4974,-1,-1,0:12 0:600 300:1102 310:1106 360:1301 4000:12003
1106,8,2,[Harmonia] The Crater (DLC),708,8011,0,0,0,0,0,1003,1024,4924,4975,-1,-1,0:12 300:1102 310:1105 360:1301 4000:12002
1107,8,2,[Harmonia] The Crater (DLC),700,8011,3110,7705,3110,800,0,1009,1024,4910,4969,-1,-1,0:12 0:10000 300:1102 310:1105 360:1301 4000:12003
1108,8,2,[Harmonia] The Crater (DLC),701,8009,0,0,0,0,0,1005,1024,4952,4955,-1,-1,0:12 300:1101 310:1105 320:9001 350:1104 360:1300 3700:1100 4000:12002
1109,8,2,[Harmonia] The Crater (DLC),704,8010,3020,7702,0,0,0,1000,1024,4958,4964,-1,-1,0:12 0:210 300:1102 310:1105 360:1301 4000:12002
1110,8,3,[Harmonia] Rotted Woods (DLC),706,8002,3110,7725,3110,801,1047300590,1001,1022,4953,4963,-1,-1,0:13 0:10000 300:1102 310:1106 350:1104 360:1302 4000:12002
1111,8,3,[Harmonia] Rotted Woods (DLC),706,8004,3120,7705,3120,800,1047300590,1006,1022,4950,4956,-1,-1,0:13 0:600 300:1102 310:1105 360:1303 4000:12002
1112,8,3,[Harmonia] Rotted Woods (DLC),701,8002,0,0,0,0,1047300590,1002,1022,4950,4880,-1,-1,0:13 300:1102 310:1105 360:1303 4000:12002
1113,8,3,[Harmonia] Rotted Woods (DLC),700,8003,0,0,0,0,1047300590,1000,1022,4976,4979,-1,-1,0:13 300:1101 310:1105 320:9001 350:1104 360:1302 4000:12003
1114,8,3,[Harmonia] Rotted Woods (DLC),700,8008,3010,7721,0,0,1047300590,1002,1021,4930,4963,-1,-1,0:13 0:200 300:1101 310:1105 320:9001 360:1303 4000:12003
1115,8,4,[Harmonia] Great Hollow (DLC),13002,8000,0,0,3600,8000,0,11000,12000,4953,4840,-1,-1,0:14 0:15001 0:15004 0:15100 0:15103 0:15105
1116,8,4,[Harmonia] Great Hollow (DLC),13002,8004,520,7725,3600,8004,0,11000,12000,4800,4966,-1,-1,0:14 0:600 0:15001 0:15004 0:15101 0:15102 0:15104
1117,8,4,[Harmonia] Great Hollow (DLC),13000,1046400230,500,7727,3600,8002,0,11002,12000,4924,4955,-1,-1,0:14 0:140 0:15001 0:15004 0:15100 0:15103 0:15104
1118,8,4,[Harmonia] Great Hollow (DLC),13000,8000,505,7720,3600,8000,0,11002,12000,5203,5213,-1,4973,0:14 0:120 0:15001 0:15004 0:15101 0:15102 0:15105 3700:1100
1119,8,4,[Harmonia] Great Hollow (DLC),13002,8003,510,7725,3600,8003,0,11000,12000,4968,4963,-1,-1,0:14 0:10000 0:15001 0:15005 0:15101 0:15103 0:15105
1120,8,4,[Harmonia] Great Hollow (DLC),13002,8001,505,7700,3600,8001,0,11000,12000,4780,4964,4960,-1,0:14 0:120 0:15002 0:15003 0:15101 0:15103 0:15104 3700:1100
1121,8,4,[Harmonia] Great Hollow (DLC),13002,8010,0,0,3600,8010,0,11000,12000,4953,4920,-1,-1,0:14 0:15002 0:15003 0:15101 0:15102 0:15105
1122,8,4,[Harmonia] Great Hollow (DLC),13000,8004,0,0,3600,8004,0,11001,12000,4890,4957,-1,-1,0:14 0:15002 0:15003 0:15100 0:15102 0:15105
1123,8,4,[Harmonia] Great Hollow (DLC),13001,8009,0,0,3600,8009,0,11001,12001,5201,4962,-1,-1,0:14 0:15001 0:15005 0:15101 0:15102 0:15104
1124,8,4,[Harmonia] Great Hollow (DLC),13001,1038400230,500,7727,3600,8005,0,11001,12001,4961,5212,-1,-1,0:14 0:140 0:15001 0:15003 0:15101 0:15102 0:15104 3700:1100
1125,8,4,[Harmonia] Great Hollow (DLC),13000,8011,520,7725,3600,8011,0,11001,12001,4958,4967,-1,-1,0:14 0:600 0:15002 0:15003 0:15101 0:15102 0:15105 3700:1100
1126,8,4,[Harmonia] Great Hollow (DLC),13002,8002,510,7725,3600,8002,0,11000,12001,5202,4918,-1,-1,0:14 0:10000 0:15001 0:15004 0:15101 0:15103 0:15104
1127,8,4,[Harmonia] Great Hollow (DLC),13000,8010,0,0,3600,8010,0,11002,12001,4951,5210,-1,-1,0:14 0:15002 0:15003 0:15100 0:15102 0:15105
1128,8,4,[Harmonia] Great Hollow (DLC),13001,8008,0,0,3600,8008,0,11002,12001,4990,4954,-1,-1,0:14 0:15002 0:15004 0:15100 0:15103 0:15105
1129,8,4,[Harmonia] Great Hollow (DLC),13002,8011,520,7725,3600,8011,0,11001,12001,4960,4974,-1,-1,0:14 0:600 0:15002 0:15004 0:15100 0:15103 0:15104
1130,8,4,[Harmonia] Great Hollow (DLC),13001,8007,0,0,3600,8007,0,11001,12000,4976,4969,-1,-1,0:14 0:15002 0:15005 0:15100 0:15102 0:15105 3700:1100
1131,8,4,[Harmonia] Great Hollow (DLC),13001,8007,520,7725,3600,8007,0,11002,12001,4910,4830,-1,-1,0:14 0:600 0:15001 0:15005 0:15100 0:15103 0:15105
1132,8,4,[Harmonia] Great Hollow (DLC),13000,8006,520,7725,3600,8006,0,11001,12000,5202,5211,-1,-1,0:14 0:600 0:15002 0:15005 0:15100 0:15103 0:15104
1133,8,4,[Harmonia] Great Hollow (DLC),13002,8006,520,7725,3600,8006,0,11001,12001,4950,4956,-1,-1,0:14 0:600 0:15001 0:15005 0:15101 0:15103 0:15104
1134,8,4,[Harmonia] Great Hollow (DLC),13001,8008,510,7705,3600,8008,0,11002,12000,4952,4959,-1,-1,0:14 0:10000 0:15002 0:15004 0:15100 0:15102 0:15104
1135,8,5,[Harmonia] Shrouded City (DLC),704,8010,3120,7725,3120,801,0,1002,1025,4810,4926,-1,-1,0:15 0:600 300:1101 310:1105 320:9001 350:1104 360:1302 3700:1100 4000:12003
1136,8,5,[Harmonia] Shrouded City (DLC),702,8003,0,0,0,0,0,1001,1025,4958,4840,-1,-1,0:15 300:1102 310:1105 360:1303 4000:12002
1137,8,5,[Harmonia] Shrouded City (DLC),707,8004,0,0,0,0,0,1002,1025,4951,4820,-1,-1,0:15 300:1102 310:1105 360:1303 4000:12003
1138,8,5,[Harmonia] Shrouded City (DLC),708,8003,3110,7725,3110,801,0,1002,1025,4951,4957,-1,-1,0:15 0:10000 300:1102 310:1106 350:1104 360:1302 4000:12003
1139,8,5,[Harmonia] Shrouded City (DLC),708,8006,3090,7726,0,0,0,1001,1025,4971,4979,-1,-1,0:15 0:230 300:1102 310:1105 360:1303 4000:12003
1140,9,0,[Straghess] Standard (DLC),704,8008,3060,7705,3100,220,0,1010,1004,4978,4959,-1,-1,0:10 0:601 300:1102 310:1105 360:1304 4000:12002
1141,9,0,[Straghess] Standard (DLC),704,8010,0,0,0,0,0,1004,1011,4950,4840,-1,-1,0:10 300:1102 310:1105 350:1104 360:1303 4000:12003
1142,9,0,[Straghess] Standard (DLC),701,8010,3130,7705,3130,800,0,1008,1004,4790,4962,-1,-1,0:10 0:10001 300:1101 310:1105 320:9000 360:1304 4000:12002
1143,9,0,[Straghess] Standard (DLC),704,8004,0,0,0,0,0,1003,1002,4780,4954,-1,-1,0:10 300:1101 310:1105 320:9000 360:1304 4000:12003
1144,9,0,[Straghess] Standard (DLC),703,8008,0,0,0,0,0,1008,1005,4978,4979,-1,-1,0:10 300:1102 310:1105 360:1304 4000:12003
1145,9,0,[Straghess] Standard (DLC),708,8003,0,0,0,0,0,1011,1006,4971,4964,-1,-1,0:10 300:1102 310:1105 350:1104 360:1303 4000:12003
1146,9,0,[Straghess] Standard (DLC),707,8003,3110,7725,3110,801,0,1007,1011,4958,5211,-1,-1,0:10 0:10000 300:1102 310:1105 360:1304 4000:12002
1147,9,0,[Straghess] Standard (DLC),705,8008,3130,7705,3130,800,0,1002,1000,4990,4964,-1,-1,0:10 0:10001 300:1102 310:1106 360:1304 4000:12003
1148,9,0,[Straghess] Standard (DLC),708,8004,3070,7725,3100,220,0,1010,1000,4951,5210,-1,-1,0:10 0:602 300:1101 310:1105 320:9000 350:1104 360:1303 4000:12002
1149,9,0,[Straghess] Standard (DLC),708,8005,3110,7705,3110,800,0,1010,1002,4971,4966,-1,-1,0:10 0:10000 300:1102 310:1105 360:1304 4000:12002
1150,9,0,[Straghess] Standard (DLC),704,8006,0,0,0,0,0,1005,1008,4924,4962,-1,-1,0:10 300:1101 310:1105 320:9000 360:1304 4000:12002
1151,9,0,[Straghess] Standard (DLC),706,8005,3130,7705,3130,800,0,1009,1001,4800,4975,-1,-1,0:10 0:10001 300:1102 310:1105 360:1304 3700:1100 4000:12002
1152,9,0,[Straghess] Standard (DLC),701,8009,3040,7705,3100,220,0,1009,1006,4953,4956,-1,-1,0:10 0:604 300:1102 310:1105 360:1304 3700:1100 4000:12003
1153,9,0,[Straghess] Standard (DLC),702,8009,0,0,0,0,0,1007,1003,4927,4969,-1,-1,0:10 300:1101 310:1105 320:9000 360:1304 3700:1100 4000:12003
1154,9,0,[Straghess] Standard (DLC),704,8008,3050,7725,3100,220,0,1005,1011,4810,4973,-1,-1,0:10 0:603 300:1101 310:1105 320:9000 360:1304 3700:1100 4000:12002
1155,9,0,[Straghess] Standard (DLC),706,8009,3120,7725,3120,801,0,1011,1003,4929,4880,-1,-1,0:10 0:600 300:1101 310:1105 320:9000 360:1304 3700:1100 4000:12002
1156,9,0,[Straghess] Standard (DLC),703,8004,3130,7705,3130,800,0,1008,1004,4910,5212,-1,-1,0:10 0:10001 300:1102 310:1105 360:1304 3700:1100 4000:12002
1157,9,0,[Straghess] Standard (DLC),707,8011,0,0,0,0,0,1003,1002,4960,4967,-1,-1,0:10 300:1102 310:1105 350:1104 360:1303 3700:1100 4000:12003
1158,9,0,[Straghess] Standard (DLC),704,8001,3130,7705,3130,800,0,1000,1010,4951,4921,-1,-1,0:10 0:10001 300:1102 310:1105 350:1104 360:1303 4000:12002
1159,9,0,[Straghess] Standard (DLC),704,8010,3120,7705,3120,800,0,1010,1004,4961,4974,-1,-1,0:10 0:600 300:1102 310:1105 360:1304 4000:12003
1160,9,1,[Straghess] Mountaintop (DLC),701,8003,3070,7725,3100,220,0,1000,1023,4958,4967,-1,-1,0:11 0:602 300:1101 310:1105 320:9001 360:1301 4000:12003
1161,9,1,[Straghess] Mountaintop (DLC),701,8008,3040,7705,3100,220,0,1003,1023,4972,4973,-1,-1,0:11 0:604 300:1102 310:1106 360:1301 4000:12003
1162,9,1,[Straghess] Mountaintop (DLC),701,8007,3130,7705,3130,800,0,1009,1023,4968,4918,-1,-1,0:11 0:10001 300:1101 310:1105 320:9001 360:1301 4000:12002
1163,9,1,[Straghess] Mountaintop (DLC),704,8008,0,0,0,0,0,1010,1023,4952,4830,-1,-1,0:11 300:1102 310:1105 350:1104 360:1300 3700:1100 4000:12003
1164,9,1,[Straghess] Mountaintop (DLC),706,8000,0,0,0,0,0,1011,1023,5203,4974,-1,-1,0:11 300:1102 310:1106 360:1301 4000:12002
1165,9,2,[Straghess] The Crater (DLC),700,8005,3130,7705,3130,800,0,1005,1024,5202,4969,-1,-1,0:12 0:10001 300:1102 310:1105 360:1301 4000:12002
1166,9,2,[Straghess] The Crater (DLC),704,8011,3050,7705,3100,220,0,1005,1024,4972,4923,-1,-1,0:12 0:603 300:1101 310:1105 320:9001 360:1301 4000:12003
1167,9,2,[Straghess] The Crater (DLC),702,8010,3110,7725,3110,801,0,1001,1024,4968,4955,-1,-1,0:12 0:10000 300:1101 310:1105 320:9001 360:1301 4000:12003
1168,9,2,[Straghess] The Crater (DLC),701,8005,0,0,0,0,0,1010,1024,4928,5213,-1,-1,0:12 300:1101 310:1105 320:9001 350:1104 360:1300 4000:12003
1169,9,2,[Straghess] The Crater (DLC),705,8004,0,0,0,0,0,1009,1024,5201,4963,-1,-1,0:12 300:1102 310:1105 360:1301 3700:1100 4000:12003
1170,9,3,[Straghess] Rotted Woods (DLC),703,8005,3130,7705,3130,800,1057300590,1006,1022,4950,4820,-1,-1,0:13 0:10001 300:1102 310:1105 360:1303 4000:12002
1171,9,3,[Straghess] Rotted Woods (DLC),703,8006,3060,7725,3100,220,1046300590,1002,1022,4976,4966,-1,-1,0:13 0:601 300:1102 310:1105 360:1303 4000:12002
1172,9,3,[Straghess] Rotted Woods (DLC),708,8001,3110,7725,3110,801,1047300590,1008,1022,4930,4957,-1,-1,0:13 0:10000 300:1101 310:1105 320:9001 360:1303 4000:12002
1173,9,3,[Straghess] Rotted Woods (DLC),703,8008,0,0,0,0,1046300590,1011,1021,4952,4957,-1,-1,0:13 300:1101 310:1105 320:9001 360:1303 3700:1100 4000:12003
1174,9,3,[Straghess] Rotted Woods (DLC),708,8006,0,0,0,0,1047300590,1001,1022,4953,4975,-1,-1,0:13 300:1102 310:1105 360:1303 4000:12002
1175,9,4,[Straghess] Great Hollow (DLC),13002,8002,530,7727,3600,8002,0,11000,12000,4961,4926,-1,-1,0:14 0:140 0:15002 0:15003 0:15101 0:15102 0:15105 3700:1100
1176,9,4,[Straghess] Great Hollow (DLC),13001,8005,540,7725,3600,8005,0,11002,12001,4976,4956,-1,-1,0:14 0:603 0:15001 0:15004 0:15101 0:15102 0:15104
1177,9,4,[Straghess] Great Hollow (DLC),13002,8004,0,0,3600,8004,801,11000,12000,5202,4860,-1,-1,0:14 0:10001 0:15001 0:15005 0:15100 0:15103 0:15104
1178,9,4,[Straghess] Great Hollow (DLC),13002,8006,510,7725,3600,8006,0,11000,12000,4790,5211,-1,-1,0:14 0:10000 0:15001 0:15003 0:15100 0:15102 0:15105
1179,9,4,[Straghess] Great Hollow (DLC),13002,8008,520,7725,3600,8008,0,11000,12000,4953,4820,-1,-1,0:14 0:600 0:15002 0:15004 0:15101 0:15103 0:15104
1180,9,4,[Straghess] Great Hollow (DLC),13000,8008,560,7725,3600,8008,0,11001,12000,4971,4967,-1,-1,0:14 0:602 0:15002 0:15004 0:15100 0:15103 0:15104
1181,9,4,[Straghess] Great Hollow (DLC),13000,8004,0,0,3600,8004,0,11001,12001,4968,4840,-1,-1,0:14 0:15001 0:15005 0:15100 0:15103 0:15105 3700:1100
1182,9,4,[Straghess] Great Hollow (DLC),13002,8006,530,7700,3600,8006,0,11000,12000,5203,5213,4924,-1,0:14 0:120 0:15002 0:15005 0:15101 0:15103 0:15105
1183,9,4,[Straghess] Great Hollow (DLC),13002,8000,0,0,3600,8000,0,11001,12001,4910,4975,-1,-1,0:14 0:15001 0:15004 0:15100 0:15102 0:15104
1184,9,4,[Straghess] Great Hollow (DLC),13002,8005,0,0,3600,8005,0,11000,12001,4958,4954,-1,-1,0:14 0:15002 0:15004 0:15100 0:15103 0:15105 3700:1100
1185,9,4,[Straghess] Great Hollow (DLC),13000,8011,530,7700,3600,8011,0,11002,12000,4810,4963,4910,-1,0:14 0:120 0:15001 0:15005 0:15100 0:15102 0:15105
1186,9,4,[Straghess] Great Hollow (DLC),13001,8003,560,7725,3600,8003,0,11001,12001,4951,4969,-1,-1,0:14 0:602 0:15002 0:15005 0:15100 0:15102 0:15104
1187,9,4,[Straghess] Great Hollow (DLC),13001,8001,510,7725,3600,8001,0,11001,12000,4790,5210,-1,-1,0:14 0:10000 0:15002 0:15003 0:15100 0:15103 0:15104
1188,9,4,[Straghess] Great Hollow (DLC),13001,8010,540,7705,3600,8010,0,11001,12001,4976,4955,-1,-1,0:14 0:603 0:15001 0:15004 0:15101 0:15102 0:15104 3700:1100
1189,9,4,[Straghess] Great Hollow (DLC),13001,8000,0,0,3600,8000,0,11002,12001,4950,4973,-1,-1,0:14 0:15002 0:15005 0:15101 0:15102 0:15105
1190,9,4,[Straghess] Great Hollow (DLC),13002,8007,530,7720,3600,8007,0,11001,12001,4930,4966,-1,4957,0:14 0:120 0:15002 0:15003 0:15101 0:15103 0:15105 3700:1100
1191,9,4,[Straghess] Great Hollow (DLC),13000,8007,0,0,3600,8007,0,11002,12000,5201,4962,-1,-1,0:14 0:15001 0:15005 0:15100 0:15102 0:15105
1192,9,4,[Straghess] Great Hollow (DLC),13000,8002,550,7705,3600,8002,0,11002,12001,4952,5212,-1,-1,0:14 0:601 0:15001 0:15003 0:15101 0:15102 0:15105
1193,9,4,[Straghess] Great Hollow (DLC),13000,8009,0,0,3600,8009,0,11001,12001,4950,4957,-1,-1,0:14 0:15002 0:15003 0:15101 0:15103 0:15104 3700:1100
1194,9,4,[Straghess] Great Hollow (DLC),13001,8009,0,0,3600,8009,0,11002,12001,4960,4964,-1,-1,0:14 0:15001 0:15005 0:15101 0:15103 0:15104
1195,9,5,[Straghess] Shrouded City (DLC),703,8004,0,0,0,0,0,1001,1025,4890,4963,-1,-1,0:15 300:1102 310:1105 360:1303 3700:1100 4000:12002
1196,9,5,[Straghess] Shrouded City (DLC),702,8006,3040,7725,3100,220,0,1001,1025,4960,4959,-1,-1,0:15 0:604 300:1101 310:1105 320:9001 360:1303 4000:12002
1197,9,5,[Straghess] Shrouded City (DLC),706,8010,3130,7705,3130,800,0,1001,1025,4976,4926,-1,-1,0:15 0:10001 300:1102 310:1105 360:1303 4000:12003
1198,9,5,[Straghess] Shrouded City (DLC),704,8007,0,0,0,0,0,1001,1025,4961,4920,-1,-1,0:15 300:1102 310:1105 350:1104 360:1302 4000:12002
1199,9,5,[Straghess] Shrouded City (DLC),702,8004,3110,7725,3110,801,0,1001,1025,5203,4979,-1,-1,0:15 0:10000 300:1102 310:1105 350:1104 360:1302 4000:12003
